ELECTION_DATE,ELECTION_NAME,COUNTY_ID,COUNTY_NAME,BALLOT_MEASURE_ID,BALLOT_MEASURE_NAME,BALLOT_MEASURE_TITLE,YES_COUNT,NO_COUNT
11/06/2018,General,1,Alameda,1,Proposition 1,Bonds to Fund Veteran & Affordable Housing.,"373,847","166,156"
11/06/2018,General,1,Alameda,10,Proposition 10,Rental Control on Residential Property.,"291,910","271,863"
11/06/2018,General,1,Alameda,11,Proposition 11,Emergency Ambulance Employees on-call.,"272,513","277,136"
11/06/2018,General,1,Alameda,12,Proposition 12,Farm Animals Confinement Standards.,"394,283","156,590"
11/06/2018,General,1,Alameda,2,Proposition 2,Amend Existing Housing Program for Mental Illness.,"399,951","146,302"
11/06/2018,General,1,Alameda,3,Proposition 3,Bond for Water and Environmental Projects.,"294,318","243,523"
11/06/2018,General,1,Alameda,4,Proposition 4,Bond for Children's Hospital Construction.,"378,692","163,455"
11/06/2018,General,1,Alameda,5,Proposition 5,Senior Property Reduction.,"178,555","375,903"
11/06/2018,General,1,Alameda,6,Proposition 6,Repeal of Fuel Tax Approved by Voters.,"139,609","424,863"
11/06/2018,General,1,Alameda,7,Proposition 7,Change Daylight Saving Time Period.,"334,482","217,899"
11/06/2018,General,1,Alameda,8,Proposition 8,Regulates Kidney Dialysis Treatment Charges.,"275,550","280,735"
11/06/2018,General,2,Alpine,1,Proposition 1,Bonds to Fund Veteran & Affordable Housing.,339,259
11/06/2018,General,2,Alpine,10,Proposition 10,Rental Control on Residential Property.,261,332
11/06/2018,General,2,Alpine,11,Proposition 11,Emergency Ambulance Employees on-call.,297,284
11/06/2018,General,2,Alpine,12,Proposition 12,Farm Animals Confinement Standards.,356,243
11/06/2018,General,2,Alpine,2,Proposition 2,Amend Existing Housing Program for Mental Illness.,383,216
11/06/2018,General,2,Alpine,3,Proposition 3,Bond for Water and Environmental Projects.,247,344
11/06/2018,General,2,Alpine,4,Proposition 4,Bond for Children's Hospital Construction.,360,230
11/06/2018,General,2,Alpine,5,Proposition 5,Senior Property Reduction.,186,404
11/06/2018,General,2,Alpine,6,Proposition 6,Repeal of Fuel Tax Approved by Voters.,183,420
11/06/2018,General,2,Alpine,7,Proposition 7,Change Daylight Saving Time Period.,358,232
11/06/2018,General,2,Alpine,8,Proposition 8,Regulates Kidney Dialysis Treatment Charges.,298,281
11/06/2018,General,3,Amador,1,Proposition 1,Bonds to Fund Veteran & Affordable Housing.,"6,478","10,582"
11/06/2018,General,3,Amador,10,Proposition 10,Rental Control on Residential Property.,"4,246","12,866"
11/06/2018,General,3,Amador,11,Proposition 11,Emergency Ambulance Employees on-call.,"10,570","6,450"
11/06/2018,General,3,Amador,12,Proposition 12,Farm Animals Confinement Standards.,"8,016","9,040"
11/06/2018,General,3,Amador,2,Proposition 2,Amend Existing Housing Program for Mental Illness.,"7,333","9,685"
11/06/2018,General,3,Amador,3,Proposition 3,Bond for Water and Environmental Projects.,"5,918","10,966"
11/06/2018,General,3,Amador,4,Proposition 4,Bond for Children's Hospital Construction.,"7,516","9,365"
11/06/2018,General,3,Amador,5,Proposition 5,Senior Property Reduction.,"6,999","9,736"
11/06/2018,General,3,Amador,6,Proposition 6,Repeal of Fuel Tax Approved by Voters.,"10,423","6,928"
11/06/2018,General,3,Amador,7,Proposition 7,Change Daylight Saving Time Period.,"9,590","7,413"
11/06/2018,General,3,Amador,8,Proposition 8,Regulates Kidney Dialysis Treatment Charges.,"5,256","11,775"
11/06/2018,General,4,Butte,1,Proposition 1,Bonds to Fund Veteran & Affordable Housing.,"40,578","45,578"
11/06/2018,General,4,Butte,10,Proposition 10,Rental Control on Residential Property.,"28,936","57,726"
11/06/2018,General,4,Butte,11,Proposition 11,Emergency Ambulance Employees on-call.,"50,786","34,777"
11/06/2018,General,4,Butte,12,Proposition 12,Farm Animals Confinement Standards.,"41,927","43,674"
11/06/2018,General,4,Butte,2,Proposition 2,Amend Existing Housing Program for Mental Illness.,"49,160","37,290"
11/06/2018,General,4,Butte,3,Proposition 3,Bond for Water and Environmental Projects.,"36,601","48,207"
11/06/2018,General,4,Butte,4,Proposition 4,Bond for Children's Hospital Construction.,"45,193","40,219"
11/06/2018,General,4,Butte,5,Proposition 5,Senior Property Reduction.,"32,154","52,714"
11/06/2018,General,4,Butte,6,Proposition 6,Repeal of Fuel Tax Approved by Voters.,"41,925","45,052"
11/06/2018,General,4,Butte,7,Proposition 7,Change Daylight Saving Time Period.,"49,584","35,820"
11/06/2018,General,4,Butte,8,Proposition 8,Regulates Kidney Dialysis Treatment Charges.,"30,908","55,394"
11/06/2018,General,5,Calaveras,1,Proposition 1,Bonds to Fund Veteran & Affordable Housing.,"7,859","13,003"
11/06/2018,General,5,Calaveras,10,Proposition 10,Rental Control on Residential Property.,"4,884","16,101"
11/06/2018,General,5,Calaveras,11,Proposition 11,Emergency Ambulance Employees on-call.,"12,918","7,953"
11/06/2018,General,5,Calaveras,12,Proposition 12,Farm Animals Confinement Standards.,"9,724","11,242"
11/06/2018,General,5,Calaveras,2,Proposition 2,Amend Existing Housing Program for Mental Illness.,"9,098","11,773"
11/06/2018,General,5,Calaveras,3,Proposition 3,Bond for Water and Environmental Projects.,"7,570","13,043"
11/06/2018,General,5,Calaveras,4,Proposition 4,Bond for Children's Hospital Construction.,"9,520","11,140"
11/06/2018,General,5,Calaveras,5,Proposition 5,Senior Property Reduction.,"8,565","11,958"
11/06/2018,General,5,Calaveras,6,Proposition 6,Repeal of Fuel Tax Approved by Voters.,"12,689","8,518"
11/06/2018,General,5,Calaveras,7,Proposition 7,Change Daylight Saving Time Period.,"11,526","9,278"
11/06/2018,General,5,Calaveras,8,Proposition 8,Regulates Kidney Dialysis Treatment Charges.,"6,688","14,224"
11/06/2018,General,6,Colusa,1,Proposition 1,Bonds to Fund Veteran & Affordable Housing.,"2,109","3,446"
11/06/2018,General,6,Colusa,10,Proposition 10,Rental Control on Residential Property.,"1,301","4,304"
11/06/2018,General,6,Colusa,11,Proposition 11,Emergency Ambulance Employees on-call.,"3,518","2,033"
11/06/2018,General,6,Colusa,12,Proposition 12,Farm Animals Confinement Standards.,"2,278","3,323"
11/06/2018,General,6,Colusa,2,Proposition 2,Amend Existing Housing Program for Mental Illness.,"2,531","3,049"
11/06/2018,General,6,Colusa,3,Proposition 3,Bond for Water and Environmental Projects.,"2,614","2,939"
11/06/2018,General,6,Colusa,4,Proposition 4,Bond for Children's Hospital Construction.,"2,826","2,732"
11/06/2018,General,6,Colusa,5,Proposition 5,Senior Property Reduction.,"2,337","3,178"
11/06/2018,General,6,Colusa,6,Proposition 6,Repeal of Fuel Tax Approved by Voters.,"3,506","2,161"
11/06/2018,General,6,Colusa,7,Proposition 7,Change Daylight Saving Time Period.,"2,858","2,699"
11/06/2018,General,6,Colusa,8,Proposition 8,Regulates Kidney Dialysis Treatment Charges.,"1,598","4,019"
11/06/2018,General,7,Contra Costa,1,Proposition 1,Bonds to Fund Veteran & Affordable Housing.,"237,539","165,674"
11/06/2018,General,7,Contra Costa,10,Proposition 10,Rental Control on Residential Property.,"162,524","242,753"
11/06/2018,General,7,Contra Costa,11,Proposition 11,Emergency Ambulance Employees on-call.,"230,332","170,967"
11/06/2018,General,7,Contra Costa,12,Proposition 12,Farm Animals Confinement Standards.,"266,730","134,991"
11/06/2018,General,7,Contra Costa,2,Proposition 2,Amend Existing Housing Program for Mental Illness.,"269,250","134,434"
11/06/2018,General,7,Contra Costa,3,Proposition 3,Bond for Water and Environmental Projects.,"207,432","198,670"
11/06/2018,General,7,Contra Costa,4,Proposition 4,Bond for Children's Hospital Construction.,"268,611","140,731"
11/06/2018,General,7,Contra Costa,5,Proposition 5,Senior Property Reduction.,"159,743","242,511"
11/06/2018,General,7,Contra Costa,6,Proposition 6,Repeal of Fuel Tax Approved by Voters.,"140,839","267,455"
11/06/2018,General,7,Contra Costa,7,Proposition 7,Change Daylight Saving Time Period.,"237,793","171,588"
11/06/2018,General,7,Contra Costa,8,Proposition 8,Regulates Kidney Dialysis Treatment Charges.,"173,937","235,739"
11/06/2018,General,8,Del Norte,1,Proposition 1,Bonds to Fund Veteran & Affordable Housing.,"3,385","4,697"
11/06/2018,General,8,Del Norte,10,Proposition 10,Rental Control on Residential Property.,"2,551","5,499"
11/06/2018,General,8,Del Norte,11,Proposition 11,Emergency Ambulance Employees on-call.,"4,931","3,043"
11/06/2018,General,8,Del Norte,12,Proposition 12,Farm Animals Confinement Standards.,"3,517","4,518"
11/06/2018,General,8,Del Norte,2,Proposition 2,Amend Existing Housing Program for Mental Illness.,"4,258","3,677"
11/06/2018,General,8,Del Norte,3,Proposition 3,Bond for Water and Environmental Projects.,"2,951","5,032"
11/06/2018,General,8,Del Norte,4,Proposition 4,Bond for Children's Hospital Construction.,"3,576","4,386"
11/06/2018,General,8,Del Norte,5,Proposition 5,Senior Property Reduction.,"3,612","4,344"
11/06/2018,General,8,Del Norte,6,Proposition 6,Repeal of Fuel Tax Approved by Voters.,"4,248","3,878"
11/06/2018,General,8,Del Norte,7,Proposition 7,Change Daylight Saving Time Period.,"3,959","4,069"
11/06/2018,General,8,Del Norte,8,Proposition 8,Regulates Kidney Dialysis Treatment Charges.,"3,607","4,425"
11/06/2018,General,9,El Dorado,1,Proposition 1,Bonds to Fund Veteran & Affordable Housing.,"33,640","52,769"
11/06/2018,General,9,El Dorado,10,Proposition 10,Rental Control on Residential Property.,"23,676","62,716"
11/06/2018,General,9,El Dorado,11,Proposition 11,Emergency Ambulance Employees on-call.,"55,633","29,753"
11/06/2018,General,9,El Dorado,12,Proposition 12,Farm Animals Confinement Standards.,"42,204","43,518"
11/06/2018,General,9,El Dorado,2,Proposition 2,Amend Existing Housing Program for Mental Illness.,"42,829","43,635"
11/06/2018,General,9,El Dorado,3,Proposition 3,Bond for Water and Environmental Projects.,"32,376","53,102"
11/06/2018,General,9,El Dorado,4,Proposition 4,Bond for Children's Hospital Construction.,"42,251","43,562"
11/06/2018,General,9,El Dorado,5,Proposition 5,Senior Property Reduction.,"40,276","44,748"
11/06/2018,General,9,El Dorado,6,Proposition 6,Repeal of Fuel Tax Approved by Voters.,"50,228","37,080"
11/06/2018,General,9,El Dorado,7,Proposition 7,Change Daylight Saving Time Period.,"52,818","32,898"
11/06/2018,General,9,El Dorado,8,Proposition 8,Regulates Kidney Dialysis Treatment Charges.,"29,038","56,630"
11/06/2018,General,10,Fresno,1,Proposition 1,Bonds to Fund Veteran & Affordable Housing.,"113,511","133,033"
11/06/2018,General,10,Fresno,10,Proposition 10,Rental Control on Residential Property.,"70,423","175,647"
11/06/2018,General,10,Fresno,11,Proposition 11,Emergency Ambulance Employees on-call.,"147,885","96,908"
11/06/2018,General,10,Fresno,12,Proposition 12,Farm Animals Confinement Standards.,"117,868","127,280"
11/06/2018,General,10,Fresno,2,Proposition 2,Amend Existing Housing Program for Mental Illness.,"132,900","113,326"
11/06/2018,General,10,Fresno,3,Proposition 3,Bond for Water and Environmental Projects.,"129,569","112,144"
11/06/2018,General,10,Fresno,4,Proposition 4,Bond for Children's Hospital Construction.,"139,921","104,538"
11/06/2018,General,10,Fresno,5,Proposition 5,Senior Property Reduction.,"83,182","158,928"
11/06/2018,General,10,Fresno,6,Proposition 6,Repeal of Fuel Tax Approved by Voters.,"130,617","117,159"
11/06/2018,General,10,Fresno,7,Proposition 7,Change Daylight Saving Time Period.,"113,613","130,974"
11/06/2018,General,10,Fresno,8,Proposition 8,Regulates Kidney Dialysis Treatment Charges.,"78,831","167,707"
11/06/2018,General,11,Glenn,1,Proposition 1,Bonds to Fund Veteran & Affordable Housing.,"2,840","5,148"
11/06/2018,General,11,Glenn,10,Proposition 10,Rental Control on Residential Property.,"1,769","6,336"
11/06/2018,General,11,Glenn,11,Proposition 11,Emergency Ambulance Employees on-call.,"5,063","2,939"
11/06/2018,General,11,Glenn,12,Proposition 12,Farm Animals Confinement Standards.,"2,576","5,426"
11/06/2018,General,11,Glenn,2,Proposition 2,Amend Existing Housing Program for Mental Illness.,"3,376","4,525"
11/06/2018,General,11,Glenn,3,Proposition 3,Bond for Water and Environmental Projects.,"3,287","4,811"
11/06/2018,General,11,Glenn,4,Proposition 4,Bond for Children's Hospital Construction.,"3,659","4,416"
11/06/2018,General,11,Glenn,5,Proposition 5,Senior Property Reduction.,"3,259","4,769"
11/06/2018,General,11,Glenn,6,Proposition 6,Repeal of Fuel Tax Approved by Voters.,"5,128","3,083"
11/06/2018,General,11,Glenn,7,Proposition 7,Change Daylight Saving Time Period.,"4,178","3,905"
11/06/2018,General,11,Glenn,8,Proposition 8,Regulates Kidney Dialysis Treatment Charges.,"2,114","6,067"
11/06/2018,General,12,Humboldt,1,Proposition 1,Bonds to Fund Veteran & Affordable Housing.,"29,812","21,270"
11/06/2018,General,12,Humboldt,10,Proposition 10,Rental Control on Residential Property.,"24,503","26,416"
11/06/2018,General,12,Humboldt,11,Proposition 11,Emergency Ambulance Employees on-call.,"26,050","24,048"
11/06/2018,General,12,Humboldt,12,Proposition 12,Farm Animals Confinement Standards.,"30,258","20,450"
11/06/2018,General,12,Humboldt,2,Proposition 2,Amend Existing Housing Program for Mental Illness.,"32,445","18,743"
11/06/2018,General,12,Humboldt,3,Proposition 3,Bond for Water and Environmental Projects.,"22,626","28,060"
11/06/2018,General,12,Humboldt,4,Proposition 4,Bond for Children's Hospital Construction.,"28,521","21,942"
11/06/2018,General,12,Humboldt,5,Proposition 5,Senior Property Reduction.,"14,773","35,437"
11/06/2018,General,12,Humboldt,6,Proposition 6,Repeal of Fuel Tax Approved by Voters.,"17,096","34,412"
11/06/2018,General,12,Humboldt,7,Proposition 7,Change Daylight Saving Time Period.,"30,290","20,078"
11/06/2018,General,12,Humboldt,8,Proposition 8,Regulates Kidney Dialysis Treatment Charges.,"25,462","25,034"
11/06/2018,General,13,Imperial,1,Proposition 1,Bonds to Fund Veteran & Affordable Housing.,"18,716","13,820"
11/06/2018,General,13,Imperial,10,Proposition 10,Rental Control on Residential Property.,"11,967","20,491"
11/06/2018,General,13,Imperial,11,Proposition 11,Emergency Ambulance Employees on-call.,"19,506","12,761"
11/06/2018,General,13,Imperial,12,Proposition 12,Farm Animals Confinement Standards.,"18,690","13,513"
11/06/2018,General,13,Imperial,2,Proposition 2,Amend Existing Housing Program for Mental Illness.,"20,604","12,071"
11/06/2018,General,13,Imperial,3,Proposition 3,Bond for Water and Environmental Projects.,"18,664","13,661"
11/06/2018,General,13,Imperial,4,Proposition 4,Bond for Children's Hospital Construction.,"22,522","10,000"
11/06/2018,General,13,Imperial,5,Proposition 5,Senior Property Reduction.,"12,908","19,366"
11/06/2018,General,13,Imperial,6,Proposition 6,Repeal of Fuel Tax Approved by Voters.,"15,228","17,457"
11/06/2018,General,13,Imperial,7,Proposition 7,Change Daylight Saving Time Period.,"19,194","13,335"
11/06/2018,General,13,Imperial,8,Proposition 8,Regulates Kidney Dialysis Treatment Charges.,"13,498","19,135"
11/06/2018,General,14,Inyo,1,Proposition 1,Bonds to Fund Veteran & Affordable Housing.,"3,051","3,773"
11/06/2018,General,14,Inyo,10,Proposition 10,Rental Control on Residential Property.,"2,120","4,934"
11/06/2018,General,14,Inyo,11,Proposition 11,Emergency Ambulance Employees on-call.,"4,344","2,571"
11/06/2018,General,14,Inyo,12,Proposition 12,Farm Animals Confinement Standards.,"3,595","3,408"
11/06/2018,General,14,Inyo,2,Proposition 2,Amend Existing Housing Program for Mental Illness.,"3,607","3,373"
11/06/2018,General,14,Inyo,3,Proposition 3,Bond for Water and Environmental Projects.,"2,671","4,211"
11/06/2018,General,14,Inyo,4,Proposition 4,Bond for Children's Hospital Construction.,"3,519","3,369"
11/06/2018,General,14,Inyo,5,Proposition 5,Senior Property Reduction.,"2,416","4,387"
11/06/2018,General,14,Inyo,6,Proposition 6,Repeal of Fuel Tax Approved by Voters.,"3,554","3,514"
11/06/2018,General,14,Inyo,7,Proposition 7,Change Daylight Saving Time Period.,"4,111","2,801"
11/06/2018,General,14,Inyo,8,Proposition 8,Regulates Kidney Dialysis Treatment Charges.,"2,265","4,748"
11/06/2018,General,15,Kern,1,Proposition 1,Bonds to Fund Veteran & Affordable Housing.,"83,905","115,254"
11/06/2018,General,15,Kern,10,Proposition 10,Rental Control on Residential Property.,"48,871","145,565"
11/06/2018,General,15,Kern,11,Proposition 11,Emergency Ambulance Employees on-call.,"126,047","71,760"
11/06/2018,General,15,Kern,12,Proposition 12,Farm Animals Confinement Standards.,"82,951","113,494"
11/06/2018,General,15,Kern,2,Proposition 2,Amend Existing Housing Program for Mental Illness.,"98,744","100,264"
11/06/2018,General,15,Kern,3,Proposition 3,Bond for Water and Environmental Projects.,"91,337","106,127"
11/06/2018,General,15,Kern,4,Proposition 4,Bond for Children's Hospital Construction.,"109,324","88,971"
11/06/2018,General,15,Kern,5,Proposition 5,Senior Property Reduction.,"89,010","107,601"
11/06/2018,General,15,Kern,6,Proposition 6,Repeal of Fuel Tax Approved by Voters.,"112,506","86,540"
11/06/2018,General,15,Kern,7,Proposition 7,Change Daylight Saving Time Period.,"93,392","103,572"
11/06/2018,General,15,Kern,8,Proposition 8,Regulates Kidney Dialysis Treatment Charges.,"58,234","139,818"
11/06/2018,General,16,Kings,1,Proposition 1,Bonds to Fund Veteran & Affordable Housing.,"12,699","17,030"
11/06/2018,General,16,Kings,10,Proposition 10,Rental Control on Residential Property.,"6,978","22,800"
11/06/2018,General,16,Kings,11,Proposition 11,Emergency Ambulance Employees on-call.,"18,388","11,261"
11/06/2018,General,16,Kings,12,Proposition 12,Farm Animals Confinement Standards.,"12,420","16,671"
11/06/2018,General,16,Kings,2,Proposition 2,Amend Existing Housing Program for Mental Illness.,"14,480","15,199"
11/06/2018,General,16,Kings,3,Proposition 3,Bond for Water and Environmental Projects.,"15,223","14,134"
11/06/2018,General,16,Kings,4,Proposition 4,Bond for Children's Hospital Construction.,"16,736","12,818"
11/06/2018,General,16,Kings,5,Proposition 5,Senior Property Reduction.,"12,052","17,272"
11/06/2018,General,16,Kings,6,Proposition 6,Repeal of Fuel Tax Approved by Voters.,"17,626","12,147"
11/06/2018,General,16,Kings,7,Proposition 7,Change Daylight Saving Time Period.,"13,531","15,831"
11/06/2018,General,16,Kings,8,Proposition 8,Regulates Kidney Dialysis Treatment Charges.,"8,576","21,066"
11/06/2018,General,17,Lake,1,Proposition 1,Bonds to Fund Veteran & Affordable Housing.,"10,128","10,000"
11/06/2018,General,17,Lake,10,Proposition 10,Rental Control on Residential Property.,"7,339","13,132"
11/06/2018,General,17,Lake,11,Proposition 11,Emergency Ambulance Employees on-call.,"11,946","8,389"
11/06/2018,General,17,Lake,12,Proposition 12,Farm Animals Confinement Standards.,"11,611","8,897"
11/06/2018,General,17,Lake,2,Proposition 2,Amend Existing Housing Program for Mental Illness.,"11,372","9,065"
11/06/2018,General,17,Lake,3,Proposition 3,Bond for Water and Environmental Projects.,"10,125","10,234"
11/06/2018,General,17,Lake,4,Proposition 4,Bond for Children's Hospital Construction.,"11,380","9,058"
11/06/2018,General,17,Lake,5,Proposition 5,Senior Property Reduction.,"7,675","12,538"
11/06/2018,General,17,Lake,6,Proposition 6,Repeal of Fuel Tax Approved by Voters.,"9,333","11,262"
11/06/2018,General,17,Lake,7,Proposition 7,Change Daylight Saving Time Period.,"11,641","8,724"
11/06/2018,General,17,Lake,8,Proposition 8,Regulates Kidney Dialysis Treatment Charges.,"7,894","12,549"
11/06/2018,General,18,Lassen,1,Proposition 1,Bonds to Fund Veteran & Affordable Housing.,"2,446","6,349"
11/06/2018,General,18,Lassen,10,Proposition 10,Rental Control on Residential Property.,"1,671","7,105"
11/06/2018,General,18,Lassen,11,Proposition 11,Emergency Ambulance Employees on-call.,"5,659","3,089"
11/06/2018,General,18,Lassen,12,Proposition 12,Farm Animals Confinement Standards.,"2,525","6,238"
11/06/2018,General,18,Lassen,2,Proposition 2,Amend Existing Housing Program for Mental Illness.,"3,368","5,418"
11/06/2018,General,18,Lassen,3,Proposition 3,Bond for Water and Environmental Projects.,"2,658","6,101"
11/06/2018,General,18,Lassen,4,Proposition 4,Bond for Children's Hospital Construction.,"3,917","4,840"
11/06/2018,General,18,Lassen,5,Proposition 5,Senior Property Reduction.,"4,166","4,561"
11/06/2018,General,18,Lassen,6,Proposition 6,Repeal of Fuel Tax Approved by Voters.,"5,897","2,996"
11/06/2018,General,18,Lassen,7,Proposition 7,Change Daylight Saving Time Period.,"4,725","4,021"
11/06/2018,General,18,Lassen,8,Proposition 8,Regulates Kidney Dialysis Treatment Charges.,"2,630","6,138"
11/06/2018,General,19,Los Angeles,1,Proposition 1,Bonds to Fund Veteran & Affordable Housing.,"1,798,630","996,214"
11/06/2018,General,19,Los Angeles,10,Proposition 10,Rental Control on Residential Property.,"1,437,440","1,465,002"
11/06/2018,General,19,Los Angeles,11,Proposition 11,Emergency Ambulance Employees on-call.,"1,695,509","1,157,109"
11/06/2018,General,19,Los Angeles,12,Proposition 12,Farm Animals Confinement Standards.,"2,041,682","816,619"
11/06/2018,General,19,Los Angeles,2,Proposition 2,Amend Existing Housing Program for Mental Illness.,"1,977,399","856,567"
11/06/2018,General,19,Los Angeles,3,Proposition 3,Bond for Water and Environmental Projects.,"1,413,992","1,396,872"
11/06/2018,General,19,Los Angeles,4,Proposition 4,Bond for Children's Hospital Construction.,"1,985,304","865,576"
11/06/2018,General,19,Los Angeles,5,Proposition 5,Senior Property Reduction.,"1,059,701","1,763,653"
11/06/2018,General,19,Los Angeles,6,Proposition 6,Repeal of Fuel Tax Approved by Voters.,"1,119,062","1,773,117"
11/06/2018,General,19,Los Angeles,7,Proposition 7,Change Daylight Saving Time Period.,"1,671,071","1,125,811"
11/06/2018,General,19,Los Angeles,8,Proposition 8,Regulates Kidney Dialysis Treatment Charges.,"1,192,936","1,659,512"
11/06/2018,General,20,Madera,1,Proposition 1,Bonds to Fund Veteran & Affordable Housing.,"14,728","23,124"
11/06/2018,General,20,Madera,10,Proposition 10,Rental Control on Residential Property.,"8,936","28,813"
11/06/2018,General,20,Madera,11,Proposition 11,Emergency Ambulance Employees on-call.,"22,080","15,461"
11/06/2018,General,20,Madera,12,Proposition 12,Farm Animals Confinement Standards.,"16,241","21,466"
11/06/2018,General,20,Madera,2,Proposition 2,Amend Existing Housing Program for Mental Illness.,"17,066","20,752"
11/06/2018,General,20,Madera,3,Proposition 3,Bond for Water and Environmental Projects.,"17,170","20,340"
11/06/2018,General,20,Madera,4,Proposition 4,Bond for Children's Hospital Construction.,"19,451","18,254"
11/06/2018,General,20,Madera,5,Proposition 5,Senior Property Reduction.,"15,484","21,916"
11/06/2018,General,20,Madera,6,Proposition 6,Repeal of Fuel Tax Approved by Voters.,"22,779","15,229"
11/06/2018,General,20,Madera,7,Proposition 7,Change Daylight Saving Time Period.,"17,646","19,935"
11/06/2018,General,20,Madera,8,Proposition 8,Regulates Kidney Dialysis Treatment Charges.,"11,257","26,455"
11/06/2018,General,21,Marin,1,Proposition 1,Bonds to Fund Veteran & Affordable Housing.,"83,788","40,605"
11/06/2018,General,21,Marin,10,Proposition 10,Rental Control on Residential Property.,"52,798","71,467"
11/06/2018,General,21,Marin,11,Proposition 11,Emergency Ambulance Employees on-call.,"60,976","60,781"
11/06/2018,General,21,Marin,12,Proposition 12,Farm Animals Confinement Standards.,"89,550","34,486"
11/06/2018,General,21,Marin,2,Proposition 2,Amend Existing Housing Program for Mental Illness.,"92,683","31,601"
11/06/2018,General,21,Marin,3,Proposition 3,Bond for Water and Environmental Projects.,"58,093","64,308"
11/06/2018,General,21,Marin,4,Proposition 4,Bond for Children's Hospital Construction.,"78,690","43,498"
11/06/2018,General,21,Marin,5,Proposition 5,Senior Property Reduction.,"42,022","80,330"
11/06/2018,General,21,Marin,6,Proposition 6,Repeal of Fuel Tax Approved by Voters.,"28,814","96,414"
11/06/2018,General,21,Marin,7,Proposition 7,Change Daylight Saving Time Period.,"72,487","49,911"
11/06/2018,General,21,Marin,8,Proposition 8,Regulates Kidney Dialysis Treatment Charges.,"52,537","70,415"
11/06/2018,General,22,Mariposa,1,Proposition 1,Bonds to Fund Veteran & Affordable Housing.,"3,158","4,847"
11/06/2018,General,22,Mariposa,10,Proposition 10,Rental Control on Residential Property.,"2,147","5,917"
11/06/2018,General,22,Mariposa,11,Proposition 11,Emergency Ambulance Employees on-call.,"4,610","3,360"
11/06/2018,General,22,Mariposa,12,Proposition 12,Farm Animals Confinement Standards.,"3,623","4,362"
11/06/2018,General,22,Mariposa,2,Proposition 2,Amend Existing Housing Program for Mental Illness.,"3,645","4,356"
11/06/2018,General,22,Mariposa,3,Proposition 3,Bond for Water and Environmental Projects.,"3,078","4,856"
11/06/2018,General,22,Mariposa,4,Proposition 4,Bond for Children's Hospital Construction.,"3,717","4,201"
11/06/2018,General,22,Mariposa,5,Proposition 5,Senior Property Reduction.,"3,156","4,714"
11/06/2018,General,22,Mariposa,6,Proposition 6,Repeal of Fuel Tax Approved by Voters.,"4,488","3,610"
11/06/2018,General,22,Mariposa,7,Proposition 7,Change Daylight Saving Time Period.,"4,481","3,491"
11/06/2018,General,22,Mariposa,8,Proposition 8,Regulates Kidney Dialysis Treatment Charges.,"2,651","5,350"
11/06/2018,General,23,Mendocino,1,Proposition 1,Bonds to Fund Veteran & Affordable Housing.,"19,628","12,574"
11/06/2018,General,23,Mendocino,10,Proposition 10,Rental Control on Residential Property.,"14,633","17,507"
11/06/2018,General,23,Mendocino,11,Proposition 11,Emergency Ambulance Employees on-call.,"16,720","15,057"
11/06/2018,General,23,Mendocino,12,Proposition 12,Farm Animals Confinement Standards.,"19,850","12,103"
11/06/2018,General,23,Mendocino,2,Proposition 2,Amend Existing Housing Program for Mental Illness.,"20,726","11,525"
11/06/2018,General,23,Mendocino,3,Proposition 3,Bond for Water and Environmental Projects.,"15,225","16,538"
11/06/2018,General,23,Mendocino,4,Proposition 4,Bond for Children's Hospital Construction.,"19,405","12,415"
11/06/2018,General,23,Mendocino,5,Proposition 5,Senior Property Reduction.,"10,111","21,449"
11/06/2018,General,23,Mendocino,6,Proposition 6,Repeal of Fuel Tax Approved by Voters.,"10,431","22,017"
11/06/2018,General,23,Mendocino,7,Proposition 7,Change Daylight Saving Time Period.,"19,455","12,226"
11/06/2018,General,23,Mendocino,8,Proposition 8,Regulates Kidney Dialysis Treatment Charges.,"15,032","17,085"
11/06/2018,General,24,Merced,1,Proposition 1,Bonds to Fund Veteran & Affordable Housing.,"29,444","28,282"
11/06/2018,General,24,Merced,10,Proposition 10,Rental Control on Residential Property.,"18,513","39,513"
11/06/2018,General,24,Merced,11,Proposition 11,Emergency Ambulance Employees on-call.,"33,903","23,546"
11/06/2018,General,24,Merced,12,Proposition 12,Farm Animals Confinement Standards.,"27,770","29,710"
11/06/2018,General,24,Merced,2,Proposition 2,Amend Existing Housing Program for Mental Illness.,"32,700","25,059"
11/06/2018,General,24,Merced,3,Proposition 3,Bond for Water and Environmental Projects.,"31,410","26,158"
11/06/2018,General,24,Merced,4,Proposition 4,Bond for Children's Hospital Construction.,"36,855","21,112"
11/06/2018,General,24,Merced,5,Proposition 5,Senior Property Reduction.,"21,937","35,434"
11/06/2018,General,24,Merced,6,Proposition 6,Repeal of Fuel Tax Approved by Voters.,"28,027","30,266"
11/06/2018,General,24,Merced,7,Proposition 7,Change Daylight Saving Time Period.,"28,121","29,550"
11/06/2018,General,24,Merced,8,Proposition 8,Regulates Kidney Dialysis Treatment Charges.,"19,394","38,847"
11/06/2018,General,25,Modoc,1,Proposition 1,Bonds to Fund Veteran & Affordable Housing.,898,"2,463"
11/06/2018,General,25,Modoc,10,Proposition 10,Rental Control on Residential Property.,624,"2,754"
11/06/2018,General,25,Modoc,11,Proposition 11,Emergency Ambulance Employees on-call.,"2,088","1,250"
11/06/2018,General,25,Modoc,12,Proposition 12,Farm Animals Confinement Standards.,868,"2,374"
11/06/2018,General,25,Modoc,2,Proposition 2,Amend Existing Housing Program for Mental Illness.,"1,243","2,140"
11/06/2018,General,25,Modoc,3,Proposition 3,Bond for Water and Environmental Projects.,"1,157","2,185"
11/06/2018,General,25,Modoc,4,Proposition 4,Bond for Children's Hospital Construction.,"1,419","1,896"
11/06/2018,General,25,Modoc,5,Proposition 5,Senior Property Reduction.,"1,419","1,898"
11/06/2018,General,25,Modoc,6,Proposition 6,Repeal of Fuel Tax Approved by Voters.,"2,169","1,212"
11/06/2018,General,25,Modoc,7,Proposition 7,Change Daylight Saving Time Period.,"1,735","1,574"
11/06/2018,General,25,Modoc,8,Proposition 8,Regulates Kidney Dialysis Treatment Charges.,866,"2,504"
11/06/2018,General,26,Mono,1,Proposition 1,Bonds to Fund Veteran & Affordable Housing.,"2,345","2,388"
11/06/2018,General,26,Mono,10,Proposition 10,Rental Control on Residential Property.,"1,803","2,927"
11/06/2018,General,26,Mono,11,Proposition 11,Emergency Ambulance Employees on-call.,"2,958","1,710"
11/06/2018,General,26,Mono,12,Proposition 12,Farm Animals Confinement Standards.,"2,784","1,926"
11/06/2018,General,26,Mono,2,Proposition 2,Amend Existing Housing Program for Mental Illness.,"2,601","2,127"
11/06/2018,General,26,Mono,3,Proposition 3,Bond for Water and Environmental Projects.,"2,255","2,445"
11/06/2018,General,26,Mono,4,Proposition 4,Bond for Children's Hospital Construction.,"2,516","2,171"
11/06/2018,General,26,Mono,5,Proposition 5,Senior Property Reduction.,"1,660","3,020"
11/06/2018,General,26,Mono,6,Proposition 6,Repeal of Fuel Tax Approved by Voters.,"1,929","2,822"
11/06/2018,General,26,Mono,7,Proposition 7,Change Daylight Saving Time Period.,"2,870","1,834"
11/06/2018,General,26,Mono,8,Proposition 8,Regulates Kidney Dialysis Treatment Charges.,"1,984","2,681"
11/06/2018,General,27,Monterey,1,Proposition 1,Bonds to Fund Veteran & Affordable Housing.,"68,143","45,920"
11/06/2018,General,27,Monterey,10,Proposition 10,Rental Control on Residential Property.,"50,426","63,199"
11/06/2018,General,27,Monterey,11,Proposition 11,Emergency Ambulance Employees on-call.,"64,119","48,643"
11/06/2018,General,27,Monterey,12,Proposition 12,Farm Animals Confinement Standards.,"71,148","41,386"
11/06/2018,General,27,Monterey,2,Proposition 2,Amend Existing Housing Program for Mental Illness.,"77,923","36,207"
11/06/2018,General,27,Monterey,3,Proposition 3,Bond for Water and Environmental Projects.,"59,815","51,463"
11/06/2018,General,27,Monterey,4,Proposition 4,Bond for Children's Hospital Construction.,"72,943","40,144"
11/06/2018,General,27,Monterey,5,Proposition 5,Senior Property Reduction.,"42,264","70,099"
11/06/2018,General,27,Monterey,6,Proposition 6,Repeal of Fuel Tax Approved by Voters.,"40,524","73,530"
11/06/2018,General,27,Monterey,7,Proposition 7,Change Daylight Saving Time Period.,"70,801","42,247"
11/06/2018,General,27,Monterey,8,Proposition 8,Regulates Kidney Dialysis Treatment Charges.,"49,132","64,525"
11/06/2018,General,28,Napa,1,Proposition 1,Bonds to Fund Veteran & Affordable Housing.,"31,221","22,690"
11/06/2018,General,28,Napa,10,Proposition 10,Rental Control on Residential Property.,"21,990","32,754"
11/06/2018,General,28,Napa,11,Proposition 11,Emergency Ambulance Employees on-call.,"32,445","21,769"
11/06/2018,General,28,Napa,12,Proposition 12,Farm Animals Confinement Standards.,"34,506","19,829"
11/06/2018,General,28,Napa,2,Proposition 2,Amend Existing Housing Program for Mental Illness.,"34,485","19,657"
11/06/2018,General,28,Napa,3,Proposition 3,Bond for Water and Environmental Projects.,"28,003","25,316"
11/06/2018,General,28,Napa,4,Proposition 4,Bond for Children's Hospital Construction.,"32,807","21,533"
11/06/2018,General,28,Napa,5,Proposition 5,Senior Property Reduction.,"21,821","32,060"
11/06/2018,General,28,Napa,6,Proposition 6,Repeal of Fuel Tax Approved by Voters.,"19,842","35,170"
11/06/2018,General,28,Napa,7,Proposition 7,Change Daylight Saving Time Period.,"32,748","21,532"
11/06/2018,General,28,Napa,8,Proposition 8,Regulates Kidney Dialysis Treatment Charges.,"22,411","31,864"
11/06/2018,General,29,Nevada,1,Proposition 1,Bonds to Fund Veteran & Affordable Housing.,"26,539","26,078"
11/06/2018,General,29,Nevada,10,Proposition 10,Rental Control on Residential Property.,"18,442","34,242"
11/06/2018,General,29,Nevada,11,Proposition 11,Emergency Ambulance Employees on-call.,"33,199","18,882"
11/06/2018,General,29,Nevada,12,Proposition 12,Farm Animals Confinement Standards.,"29,613","23,139"
11/06/2018,General,29,Nevada,2,Proposition 2,Amend Existing Housing Program for Mental Illness.,"29,940","22,663"
11/06/2018,General,29,Nevada,3,Proposition 3,Bond for Water and Environmental Projects.,"21,580","30,541"
11/06/2018,General,29,Nevada,4,Proposition 4,Bond for Children's Hospital Construction.,"27,660","24,425"
11/06/2018,General,29,Nevada,5,Proposition 5,Senior Property Reduction.,"22,774","29,154"
11/06/2018,General,29,Nevada,6,Proposition 6,Repeal of Fuel Tax Approved by Voters.,"26,364","26,878"
11/06/2018,General,29,Nevada,7,Proposition 7,Change Daylight Saving Time Period.,"30,653","21,796"
11/06/2018,General,29,Nevada,8,Proposition 8,Regulates Kidney Dialysis Treatment Charges.,"20,462","31,811"
11/06/2018,General,30,Orange,1,Proposition 1,Bonds to Fund Veteran & Affordable Housing.,"486,436","555,402"
11/06/2018,General,30,Orange,10,Proposition 10,Rental Control on Residential Property.,"363,476","690,440"
11/06/2018,General,30,Orange,11,Proposition 11,Emergency Ambulance Employees on-call.,"686,776","356,334"
11/06/2018,General,30,Orange,12,Proposition 12,Farm Animals Confinement Standards.,"616,672","427,177"
11/06/2018,General,30,Orange,2,Proposition 2,Amend Existing Housing Program for Mental Illness.,"594,551","453,049"
11/06/2018,General,30,Orange,3,Proposition 3,Bond for Water and Environmental Projects.,"471,753","561,644"
11/06/2018,General,30,Orange,4,Proposition 4,Bond for Children's Hospital Construction.,"595,066","450,191"
11/06/2018,General,30,Orange,5,Proposition 5,Senior Property Reduction.,"515,774","521,535"
11/06/2018,General,30,Orange,6,Proposition 6,Repeal of Fuel Tax Approved by Voters.,"577,900","482,319"
11/06/2018,General,30,Orange,7,Proposition 7,Change Daylight Saving Time Period.,"653,170","389,154"
11/06/2018,General,30,Orange,8,Proposition 8,Regulates Kidney Dialysis Treatment Charges.,"395,773","652,270"
11/06/2018,General,31,Placer,1,Proposition 1,Bonds to Fund Veteran & Affordable Housing.,"68,020","102,369"
11/06/2018,General,31,Placer,10,Proposition 10,Rental Control on Residential Property.,"45,577","126,038"
11/06/2018,General,31,Placer,11,Proposition 11,Emergency Ambulance Employees on-call.,"111,749","58,058"
11/06/2018,General,31,Placer,12,Proposition 12,Farm Animals Confinement Standards.,"84,036","85,573"
11/06/2018,General,31,Placer,2,Proposition 2,Amend Existing Housing Program for Mental Illness.,"89,029","82,044"
11/06/2018,General,31,Placer,3,Proposition 3,Bond for Water and Environmental Projects.,"65,688","102,912"
11/06/2018,General,31,Placer,4,Proposition 4,Bond for Children's Hospital Construction.,"87,379","82,734"
11/06/2018,General,31,Placer,5,Proposition 5,Senior Property Reduction.,"76,368","92,167"
11/06/2018,General,31,Placer,6,Proposition 6,Repeal of Fuel Tax Approved by Voters.,"97,330","75,244"
11/06/2018,General,31,Placer,7,Proposition 7,Change Daylight Saving Time Period.,"102,741","67,356"
11/06/2018,General,31,Placer,8,Proposition 8,Regulates Kidney Dialysis Treatment Charges.,"54,794","115,496"
11/06/2018,General,32,Plumas,1,Proposition 1,Bonds to Fund Veteran & Affordable Housing.,"3,345","5,635"
11/06/2018,General,32,Plumas,10,Proposition 10,Rental Control on Residential Property.,"2,225","6,759"
11/06/2018,General,32,Plumas,11,Proposition 11,Emergency Ambulance Employees on-call.,"5,667","3,192"
11/06/2018,General,32,Plumas,12,Proposition 12,Farm Animals Confinement Standards.,"4,032","4,918"
11/06/2018,General,32,Plumas,2,Proposition 2,Amend Existing Housing Program for Mental Illness.,"3,949","5,019"
11/06/2018,General,32,Plumas,3,Proposition 3,Bond for Water and Environmental Projects.,"3,026","5,882"
11/06/2018,General,32,Plumas,4,Proposition 4,Bond for Children's Hospital Construction.,"3,938","4,981"
11/06/2018,General,32,Plumas,5,Proposition 5,Senior Property Reduction.,"3,750","5,116"
11/06/2018,General,32,Plumas,6,Proposition 6,Repeal of Fuel Tax Approved by Voters.,"5,013","4,065"
11/06/2018,General,32,Plumas,7,Proposition 7,Change Daylight Saving Time Period.,"4,766","4,164"
11/06/2018,General,32,Plumas,8,Proposition 8,Regulates Kidney Dialysis Treatment Charges.,"2,983","5,975"
11/06/2018,General,33,Riverside,1,Proposition 1,Bonds to Fund Veteran & Affordable Housing.,"316,358","312,714"
11/06/2018,General,33,Riverside,10,Proposition 10,Rental Control on Residential Property.,"200,894","431,717"
11/06/2018,General,33,Riverside,11,Proposition 11,Emergency Ambulance Employees on-call.,"396,914","231,877"
11/06/2018,General,33,Riverside,12,Proposition 12,Farm Animals Confinement Standards.,"363,541","263,674"
11/06/2018,General,33,Riverside,2,Proposition 2,Amend Existing Housing Program for Mental Illness.,"357,701","271,106"
11/06/2018,General,33,Riverside,3,Proposition 3,Bond for Water and Environmental Projects.,"299,649","321,183"
11/06/2018,General,33,Riverside,4,Proposition 4,Bond for Children's Hospital Construction.,"379,364","247,115"
11/06/2018,General,33,Riverside,5,Proposition 5,Senior Property Reduction.,"296,144","325,609"
11/06/2018,General,33,Riverside,6,Proposition 6,Repeal of Fuel Tax Approved by Voters.,"358,259","275,593"
11/06/2018,General,33,Riverside,7,Proposition 7,Change Daylight Saving Time Period.,"371,005","252,424"
11/06/2018,General,33,Riverside,8,Proposition 8,Regulates Kidney Dialysis Treatment Charges.,"211,932","416,214"
11/06/2018,General,34,Sacramento,1,Proposition 1,Bonds to Fund Veteran & Affordable Housing.,"271,255","220,432"
11/06/2018,General,34,Sacramento,10,Proposition 10,Rental Control on Residential Property.,"199,236","305,284"
11/06/2018,General,34,Sacramento,11,Proposition 11,Emergency Ambulance Employees on-call.,"307,015","189,705"
11/06/2018,General,34,Sacramento,12,Proposition 12,Farm Animals Confinement Standards.,"287,509","209,950"
11/06/2018,General,34,Sacramento,2,Proposition 2,Amend Existing Housing Program for Mental Illness.,"314,389","187,488"
11/06/2018,General,34,Sacramento,3,Proposition 3,Bond for Water and Environmental Projects.,"232,128","262,845"
11/06/2018,General,34,Sacramento,4,Proposition 4,Bond for Children's Hospital Construction.,"295,562","203,923"
11/06/2018,General,34,Sacramento,5,Proposition 5,Senior Property Reduction.,"184,065","312,076"
11/06/2018,General,34,Sacramento,6,Proposition 6,Repeal of Fuel Tax Approved by Voters.,"229,100","278,560"
11/06/2018,General,34,Sacramento,7,Proposition 7,Change Daylight Saving Time Period.,"281,613","218,790"
11/06/2018,General,34,Sacramento,8,Proposition 8,Regulates Kidney Dialysis Treatment Charges.,"194,264","306,707"
11/06/2018,General,35,San Benito,1,Proposition 1,Bonds to Fund Veteran & Affordable Housing.,"9,475","10,276"
11/06/2018,General,35,San Benito,10,Proposition 10,Rental Control on Residential Property.,"7,122","12,617"
11/06/2018,General,35,San Benito,11,Proposition 11,Emergency Ambulance Employees on-call.,"11,436","8,156"
11/06/2018,General,35,San Benito,12,Proposition 12,Farm Animals Confinement Standards.,"10,571","8,775"
11/06/2018,General,35,San Benito,2,Proposition 2,Amend Existing Housing Program for Mental Illness.,"10,858","8,898"
11/06/2018,General,35,San Benito,3,Proposition 3,Bond for Water and Environmental Projects.,"9,984","9,595"
11/06/2018,General,35,San Benito,4,Proposition 4,Bond for Children's Hospital Construction.,"11,349","8,229"
11/06/2018,General,35,San Benito,5,Proposition 5,Senior Property Reduction.,"8,096","11,372"
11/06/2018,General,35,San Benito,6,Proposition 6,Repeal of Fuel Tax Approved by Voters.,"8,658","11,163"
11/06/2018,General,35,San Benito,7,Proposition 7,Change Daylight Saving Time Period.,"10,916","8,794"
11/06/2018,General,35,San Benito,8,Proposition 8,Regulates Kidney Dialysis Treatment Charges.,"7,268","12,351"
11/06/2018,General,36,San Bernardino,1,Proposition 1,Bonds to Fund Veteran & Affordable Housing.,"256,445","266,456"
11/06/2018,General,36,San Bernardino,10,Proposition 10,Rental Control on Residential Property.,"171,145","353,864"
11/06/2018,General,36,San Bernardino,11,Proposition 11,Emergency Ambulance Employees on-call.,"324,018","198,703"
11/06/2018,General,36,San Bernardino,12,Proposition 12,Farm Animals Confinement Standards.,"306,787","215,117"
11/06/2018,General,36,San Bernardino,2,Proposition 2,Amend Existing Housing Program for Mental Illness.,"297,249","228,191"
11/06/2018,General,36,San Bernardino,3,Proposition 3,Bond for Water and Environmental Projects.,"243,611","275,861"
11/06/2018,General,36,San Bernardino,4,Proposition 4,Bond for Children's Hospital Construction.,"309,112","215,774"
11/06/2018,General,36,San Bernardino,5,Proposition 5,Senior Property Reduction.,"244,054","276,388"
11/06/2018,General,36,San Bernardino,6,Proposition 6,Repeal of Fuel Tax Approved by Voters.,"300,713","231,044"
11/06/2018,General,36,San Bernardino,7,Proposition 7,Change Daylight Saving Time Period.,"292,913","229,871"
11/06/2018,General,36,San Bernardino,8,Proposition 8,Regulates Kidney Dialysis Treatment Charges.,"179,394","347,793"
11/06/2018,General,37,San Diego,1,Proposition 1,Bonds to Fund Veteran & Affordable Housing.,"590,056","526,747"
11/06/2018,General,37,San Diego,10,Proposition 10,Rental Control on Residential Property.,"432,751","688,240"
11/06/2018,General,37,San Diego,11,Proposition 11,Emergency Ambulance Employees on-call.,"693,218","417,505"
11/06/2018,General,37,San Diego,12,Proposition 12,Farm Animals Confinement Standards.,"679,513","425,606"
11/06/2018,General,37,San Diego,2,Proposition 2,Amend Existing Housing Program for Mental Illness.,"699,283","417,363"
11/06/2018,General,37,San Diego,3,Proposition 3,Bond for Water and Environmental Projects.,"528,819","549,979"
11/06/2018,General,37,San Diego,4,Proposition 4,Bond for Children's Hospital Construction.,"667,874","438,561"
11/06/2018,General,37,San Diego,5,Proposition 5,Senior Property Reduction.,"483,466","613,573"
11/06/2018,General,37,San Diego,6,Proposition 6,Repeal of Fuel Tax Approved by Voters.,"578,961","557,432"
11/06/2018,General,37,San Diego,7,Proposition 7,Change Daylight Saving Time Period.,"755,276","355,161"
11/06/2018,General,37,San Diego,8,Proposition 8,Regulates Kidney Dialysis Treatment Charges.,"448,644","665,096"
11/06/2018,General,38,San Francisco,1,Proposition 1,Bonds to Fund Veteran & Affordable Housing.,"263,769","89,382"
11/06/2018,General,38,San Francisco,10,Proposition 10,Rental Control on Residential Property.,"190,911","169,527"
11/06/2018,General,38,San Francisco,11,Proposition 11,Emergency Ambulance Employees on-call.,"135,874","214,363"
11/06/2018,General,38,San Francisco,12,Proposition 12,Farm Animals Confinement Standards.,"256,166","97,515"
11/06/2018,General,38,San Francisco,2,Proposition 2,Amend Existing Housing Program for Mental Illness.,"281,389","72,163"
11/06/2018,General,38,San Francisco,3,Proposition 3,Bond for Water and Environmental Projects.,"207,164","138,046"
11/06/2018,General,38,San Francisco,4,Proposition 4,Bond for Children's Hospital Construction.,"253,202","94,437"
11/06/2018,General,38,San Francisco,5,Proposition 5,Senior Property Reduction.,"86,130","260,118"
11/06/2018,General,38,San Francisco,6,Proposition 6,Repeal of Fuel Tax Approved by Voters.,"60,002","291,660"
11/06/2018,General,38,San Francisco,7,Proposition 7,Change Daylight Saving Time Period.,"233,508","114,618"
11/06/2018,General,38,San Francisco,8,Proposition 8,Regulates Kidney Dialysis Treatment Charges.,"202,728","149,499"
11/06/2018,General,39,San Joaquin,1,Proposition 1,Bonds to Fund Veteran & Affordable Housing.,"92,306","96,628"
11/06/2018,General,39,San Joaquin,10,Proposition 10,Rental Control on Residential Property.,"60,944","129,480"
11/06/2018,General,39,San Joaquin,11,Proposition 11,Emergency Ambulance Employees on-call.,"112,875","75,768"
11/06/2018,General,39,San Joaquin,12,Proposition 12,Farm Animals Confinement Standards.,"103,687","84,631"
11/06/2018,General,39,San Joaquin,2,Proposition 2,Amend Existing Housing Program for Mental Illness.,"111,890","77,725"
11/06/2018,General,39,San Joaquin,3,Proposition 3,Bond for Water and Environmental Projects.,"90,069","97,266"
11/06/2018,General,39,San Joaquin,4,Proposition 4,Bond for Children's Hospital Construction.,"113,573","75,815"
11/06/2018,General,39,San Joaquin,5,Proposition 5,Senior Property Reduction.,"73,223","114,371"
11/06/2018,General,39,San Joaquin,6,Proposition 6,Repeal of Fuel Tax Approved by Voters.,"93,560","97,945"
11/06/2018,General,39,San Joaquin,7,Proposition 7,Change Daylight Saving Time Period.,"100,154","88,795"
11/06/2018,General,39,San Joaquin,8,Proposition 8,Regulates Kidney Dialysis Treatment Charges.,"70,974","119,885"
11/06/2018,General,40,San Luis Obispo,1,Proposition 1,Bonds to Fund Veteran & Affordable Housing.,"59,002","62,926"
11/06/2018,General,40,San Luis Obispo,10,Proposition 10,Rental Control on Residential Property.,"45,277","77,240"
11/06/2018,General,40,San Luis Obispo,11,Proposition 11,Emergency Ambulance Employees on-call.,"77,033","44,478"
11/06/2018,General,40,San Luis Obispo,12,Proposition 12,Farm Animals Confinement Standards.,"60,376","60,627"
11/06/2018,General,40,San Luis Obispo,2,Proposition 2,Amend Existing Housing Program for Mental Illness.,"70,780","51,590"
11/06/2018,General,40,San Luis Obispo,3,Proposition 3,Bond for Water and Environmental Projects.,"54,006","66,417"
11/06/2018,General,40,San Luis Obispo,4,Proposition 4,Bond for Children's Hospital Construction.,"65,702","55,050"
11/06/2018,General,40,San Luis Obispo,5,Proposition 5,Senior Property Reduction.,"51,667","68,798"
11/06/2018,General,40,San Luis Obispo,6,Proposition 6,Repeal of Fuel Tax Approved by Voters.,"55,945","67,353"
11/06/2018,General,40,San Luis Obispo,7,Proposition 7,Change Daylight Saving Time Period.,"75,256","46,579"
11/06/2018,General,40,San Luis Obispo,8,Proposition 8,Regulates Kidney Dialysis Treatment Charges.,"44,772","76,904"
11/06/2018,General,41,San Mateo,1,Proposition 1,Bonds to Fund Veteran & Affordable Housing.,"171,711","103,593"
11/06/2018,General,41,San Mateo,10,Proposition 10,Rental Control on Residential Property.,"118,938","158,906"
11/06/2018,General,41,San Mateo,11,Proposition 11,Emergency Ambulance Employees on-call.,"150,980","120,522"
11/06/2018,General,41,San Mateo,12,Proposition 12,Farm Animals Confinement Standards.,"183,863","88,408"
11/06/2018,General,41,San Mateo,2,Proposition 2,Amend Existing Housing Program for Mental Illness.,"191,308","84,359"
11/06/2018,General,41,San Mateo,3,Proposition 3,Bond for Water and Environmental Projects.,"146,350","124,804"
11/06/2018,General,41,San Mateo,4,Proposition 4,Bond for Children's Hospital Construction.,"177,784","96,754"
11/06/2018,General,41,San Mateo,5,Proposition 5,Senior Property Reduction.,"100,530","173,499"
11/06/2018,General,41,San Mateo,6,Proposition 6,Repeal of Fuel Tax Approved by Voters.,"78,232","200,314"
11/06/2018,General,41,San Mateo,7,Proposition 7,Change Daylight Saving Time Period.,"168,635","106,579"
11/06/2018,General,41,San Mateo,8,Proposition 8,Regulates Kidney Dialysis Treatment Charges.,"118,561","156,221"
11/06/2018,General,42,Santa Barbara,1,Proposition 1,Bonds to Fund Veteran & Affordable Housing.,"82,464","68,472"
11/06/2018,General,42,Santa Barbara,10,Proposition 10,Rental Control on Residential Property.,"64,689","86,690"
11/06/2018,General,42,Santa Barbara,11,Proposition 11,Emergency Ambulance Employees on-call.,"91,379","58,019"
11/06/2018,General,42,Santa Barbara,12,Proposition 12,Farm Animals Confinement Standards.,"91,226","57,832"
11/06/2018,General,42,Santa Barbara,2,Proposition 2,Amend Existing Housing Program for Mental Illness.,"94,216","56,925"
11/06/2018,General,42,Santa Barbara,3,Proposition 3,Bond for Water and Environmental Projects.,"68,307","79,948"
11/06/2018,General,42,Santa Barbara,4,Proposition 4,Bond for Children's Hospital Construction.,"86,283","62,673"
11/06/2018,General,42,Santa Barbara,5,Proposition 5,Senior Property Reduction.,"55,861","92,671"
11/06/2018,General,42,Santa Barbara,6,Proposition 6,Repeal of Fuel Tax Approved by Voters.,"58,435","92,793"
11/06/2018,General,42,Santa Barbara,7,Proposition 7,Change Daylight Saving Time Period.,"97,490","51,626"
11/06/2018,General,42,Santa Barbara,8,Proposition 8,Regulates Kidney Dialysis Treatment Charges.,"61,872","87,794"
11/06/2018,General,43,Santa Clara,1,Proposition 1,Bonds to Fund Veteran & Affordable Housing.,"357,419","239,756"
11/06/2018,General,43,Santa Clara,10,Proposition 10,Rental Control on Residential Property.,"261,691","337,601"
11/06/2018,General,43,Santa Clara,11,Proposition 11,Emergency Ambulance Employees on-call.,"361,363","228,702"
11/06/2018,General,43,Santa Clara,12,Proposition 12,Farm Animals Confinement Standards.,"399,445","191,468"
11/06/2018,General,43,Santa Clara,2,Proposition 2,Amend Existing Housing Program for Mental Illness.,"395,151","203,041"
11/06/2018,General,43,Santa Clara,3,Proposition 3,Bond for Water and Environmental Projects.,"313,841","277,861"
11/06/2018,General,43,Santa Clara,4,Proposition 4,Bond for Children's Hospital Construction.,"379,578","214,273"
11/06/2018,General,43,Santa Clara,5,Proposition 5,Senior Property Reduction.,"236,749","350,829"
11/06/2018,General,43,Santa Clara,6,Proposition 6,Repeal of Fuel Tax Approved by Voters.,"189,463","406,249"
11/06/2018,General,43,Santa Clara,7,Proposition 7,Change Daylight Saving Time Period.,"345,793","242,696"
11/06/2018,General,43,Santa Clara,8,Proposition 8,Regulates Kidney Dialysis Treatment Charges.,"263,653","322,779"
11/06/2018,General,44,Santa Cruz,1,Proposition 1,Bonds to Fund Veteran & Affordable Housing.,"72,551","43,408"
11/06/2018,General,44,Santa Cruz,10,Proposition 10,Rental Control on Residential Property.,"50,811","66,194"
11/06/2018,General,44,Santa Cruz,11,Proposition 11,Emergency Ambulance Employees on-call.,"58,318","56,544"
11/06/2018,General,44,Santa Cruz,12,Proposition 12,Farm Animals Confinement Standards.,"77,918","37,195"
11/06/2018,General,44,Santa Cruz,2,Proposition 2,Amend Existing Housing Program for Mental Illness.,"79,976","36,983"
11/06/2018,General,44,Santa Cruz,3,Proposition 3,Bond for Water and Environmental Projects.,"62,090","52,780"
11/06/2018,General,44,Santa Cruz,4,Proposition 4,Bond for Children's Hospital Construction.,"73,268","41,499"
11/06/2018,General,44,Santa Cruz,5,Proposition 5,Senior Property Reduction.,"37,690","76,717"
11/06/2018,General,44,Santa Cruz,6,Proposition 6,Repeal of Fuel Tax Approved by Voters.,"30,164","86,518"
11/06/2018,General,44,Santa Cruz,7,Proposition 7,Change Daylight Saving Time Period.,"72,211","42,717"
11/06/2018,General,44,Santa Cruz,8,Proposition 8,Regulates Kidney Dialysis Treatment Charges.,"52,125","62,578"
11/06/2018,General,45,Shasta,1,Proposition 1,Bonds to Fund Veteran & Affordable Housing.,"23,332","44,869"
11/06/2018,General,45,Shasta,10,Proposition 10,Rental Control on Residential Property.,"14,722","53,831"
11/06/2018,General,45,Shasta,11,Proposition 11,Emergency Ambulance Employees on-call.,"41,689","26,227"
11/06/2018,General,45,Shasta,12,Proposition 12,Farm Animals Confinement Standards.,"25,761","41,507"
11/06/2018,General,45,Shasta,2,Proposition 2,Amend Existing Housing Program for Mental Illness.,"31,920","36,268"
11/06/2018,General,45,Shasta,3,Proposition 3,Bond for Water and Environmental Projects.,"22,388","45,122"
11/06/2018,General,45,Shasta,4,Proposition 4,Bond for Children's Hospital Construction.,"31,394","36,243"
11/06/2018,General,45,Shasta,5,Proposition 5,Senior Property Reduction.,"29,459","37,679"
11/06/2018,General,45,Shasta,6,Proposition 6,Repeal of Fuel Tax Approved by Voters.,"41,927","26,755"
11/06/2018,General,45,Shasta,7,Proposition 7,Change Daylight Saving Time Period.,"37,293","30,232"
11/06/2018,General,45,Shasta,8,Proposition 8,Regulates Kidney Dialysis Treatment Charges.,"17,900","50,429"
11/06/2018,General,46,Sierra,1,Proposition 1,Bonds to Fund Veteran & Affordable Housing.,629,979
11/06/2018,General,46,Sierra,10,Proposition 10,Rental Control on Residential Property.,428,"1,176"
11/06/2018,General,46,Sierra,11,Proposition 11,Emergency Ambulance Employees on-call.,978,624
11/06/2018,General,46,Sierra,12,Proposition 12,Farm Animals Confinement Standards.,781,846
11/06/2018,General,46,Sierra,2,Proposition 2,Amend Existing Housing Program for Mental Illness.,730,881
11/06/2018,General,46,Sierra,3,Proposition 3,Bond for Water and Environmental Projects.,554,"1,043"
11/06/2018,General,46,Sierra,4,Proposition 4,Bond for Children's Hospital Construction.,727,860
11/06/2018,General,46,Sierra,5,Proposition 5,Senior Property Reduction.,601,981
11/06/2018,General,46,Sierra,6,Proposition 6,Repeal of Fuel Tax Approved by Voters.,852,775
11/06/2018,General,46,Sierra,7,Proposition 7,Change Daylight Saving Time Period.,902,693
11/06/2018,General,46,Sierra,8,Proposition 8,Regulates Kidney Dialysis Treatment Charges.,601,"1,000"
11/06/2018,General,47,Siskiyou,1,Proposition 1,Bonds to Fund Veteran & Affordable Housing.,"7,236","10,327"
11/06/2018,General,47,Siskiyou,10,Proposition 10,Rental Control on Residential Property.,"5,181","12,263"
11/06/2018,General,47,Siskiyou,11,Proposition 11,Emergency Ambulance Employees on-call.,"10,395","6,933"
11/06/2018,General,47,Siskiyou,12,Proposition 12,Farm Animals Confinement Standards.,"7,110","10,231"
11/06/2018,General,47,Siskiyou,2,Proposition 2,Amend Existing Housing Program for Mental Illness.,"8,728","8,863"
11/06/2018,General,47,Siskiyou,3,Proposition 3,Bond for Water and Environmental Projects.,"5,914","11,502"
11/06/2018,General,47,Siskiyou,4,Proposition 4,Bond for Children's Hospital Construction.,"8,463","8,899"
11/06/2018,General,47,Siskiyou,5,Proposition 5,Senior Property Reduction.,"6,336","10,884"
11/06/2018,General,47,Siskiyou,6,Proposition 6,Repeal of Fuel Tax Approved by Voters.,"9,570","7,978"
11/06/2018,General,47,Siskiyou,7,Proposition 7,Change Daylight Saving Time Period.,"9,683","7,720"
11/06/2018,General,47,Siskiyou,8,Proposition 8,Regulates Kidney Dialysis Treatment Charges.,"7,023","10,402"
11/06/2018,General,48,Solano,1,Proposition 1,Bonds to Fund Veteran & Affordable Housing.,"78,062","63,447"
11/06/2018,General,48,Solano,10,Proposition 10,Rental Control on Residential Property.,"54,458","88,565"
11/06/2018,General,48,Solano,11,Proposition 11,Emergency Ambulance Employees on-call.,"81,822","60,062"
11/06/2018,General,48,Solano,12,Proposition 12,Farm Animals Confinement Standards.,"86,447","54,961"
11/06/2018,General,48,Solano,2,Proposition 2,Amend Existing Housing Program for Mental Illness.,"86,230","55,604"
11/06/2018,General,48,Solano,3,Proposition 3,Bond for Water and Environmental Projects.,"69,050","71,058"
11/06/2018,General,48,Solano,4,Proposition 4,Bond for Children's Hospital Construction.,"86,017","55,163"
11/06/2018,General,48,Solano,5,Proposition 5,Senior Property Reduction.,"54,042","85,704"
11/06/2018,General,48,Solano,6,Proposition 6,Repeal of Fuel Tax Approved by Voters.,"62,362","81,017"
11/06/2018,General,48,Solano,7,Proposition 7,Change Daylight Saving Time Period.,"79,171","62,529"
11/06/2018,General,48,Solano,8,Proposition 8,Regulates Kidney Dialysis Treatment Charges.,"56,427","86,555"
11/06/2018,General,49,Sonoma,1,Proposition 1,Bonds to Fund Veteran & Affordable Housing.,"124,577","78,161"
11/06/2018,General,49,Sonoma,10,Proposition 10,Rental Control on Residential Property.,"91,909","113,488"
11/06/2018,General,49,Sonoma,11,Proposition 11,Emergency Ambulance Employees on-call.,"109,292","91,535"
11/06/2018,General,49,Sonoma,12,Proposition 12,Farm Animals Confinement Standards.,"124,640","77,592"
11/06/2018,General,49,Sonoma,2,Proposition 2,Amend Existing Housing Program for Mental Illness.,"135,738","67,457"
11/06/2018,General,49,Sonoma,3,Proposition 3,Bond for Water and Environmental Projects.,"108,078","93,248"
11/06/2018,General,49,Sonoma,4,Proposition 4,Bond for Children's Hospital Construction.,"125,303","76,371"
11/06/2018,General,49,Sonoma,5,Proposition 5,Senior Property Reduction.,"66,899","134,768"
11/06/2018,General,49,Sonoma,6,Proposition 6,Repeal of Fuel Tax Approved by Voters.,"59,166","147,467"
11/06/2018,General,49,Sonoma,7,Proposition 7,Change Daylight Saving Time Period.,"120,621","82,983"
11/06/2018,General,49,Sonoma,8,Proposition 8,Regulates Kidney Dialysis Treatment Charges.,"85,963","117,628"
11/06/2018,General,50,Stanislaus,1,Proposition 1,Bonds to Fund Veteran & Affordable Housing.,"76,182","75,936"
11/06/2018,General,50,Stanislaus,10,Proposition 10,Rental Control on Residential Property.,"47,792","105,804"
11/06/2018,General,50,Stanislaus,11,Proposition 11,Emergency Ambulance Employees on-call.,"90,844","61,256"
11/06/2018,General,50,Stanislaus,12,Proposition 12,Farm Animals Confinement Standards.,"73,532","78,464"
11/06/2018,General,50,Stanislaus,2,Proposition 2,Amend Existing Housing Program for Mental Illness.,"89,738","62,805"
11/06/2018,General,50,Stanislaus,3,Proposition 3,Bond for Water and Environmental Projects.,"71,858","78,843"
11/06/2018,General,50,Stanislaus,4,Proposition 4,Bond for Children's Hospital Construction.,"92,282","59,647"
11/06/2018,General,50,Stanislaus,5,Proposition 5,Senior Property Reduction.,"60,914","89,442"
11/06/2018,General,50,Stanislaus,6,Proposition 6,Repeal of Fuel Tax Approved by Voters.,"77,367","76,364"
11/06/2018,General,50,Stanislaus,7,Proposition 7,Change Daylight Saving Time Period.,"77,721","73,407"
11/06/2018,General,50,Stanislaus,8,Proposition 8,Regulates Kidney Dialysis Treatment Charges.,"51,792","101,634"
11/06/2018,General,51,Sutter,1,Proposition 1,Bonds to Fund Veteran & Affordable Housing.,"11,383","17,138"
11/06/2018,General,51,Sutter,10,Proposition 10,Rental Control on Residential Property.,"6,925","21,890"
11/06/2018,General,51,Sutter,11,Proposition 11,Emergency Ambulance Employees on-call.,"18,242","10,271"
11/06/2018,General,51,Sutter,12,Proposition 12,Farm Animals Confinement Standards.,"13,521","15,028"
11/06/2018,General,51,Sutter,2,Proposition 2,Amend Existing Housing Program for Mental Illness.,"13,390","15,202"
11/06/2018,General,51,Sutter,3,Proposition 3,Bond for Water and Environmental Projects.,"12,249","16,002"
11/06/2018,General,51,Sutter,4,Proposition 4,Bond for Children's Hospital Construction.,"14,832","13,573"
11/06/2018,General,51,Sutter,5,Proposition 5,Senior Property Reduction.,"13,110","15,166"
11/06/2018,General,51,Sutter,6,Proposition 6,Repeal of Fuel Tax Approved by Voters.,"17,708","11,406"
11/06/2018,General,51,Sutter,7,Proposition 7,Change Daylight Saving Time Period.,"15,386","13,116"
11/06/2018,General,51,Sutter,8,Proposition 8,Regulates Kidney Dialysis Treatment Charges.,"8,555","20,299"
11/06/2018,General,52,Tehama,1,Proposition 1,Bonds to Fund Veteran & Affordable Housing.,"6,733","13,467"
11/06/2018,General,52,Tehama,10,Proposition 10,Rental Control on Residential Property.,"4,093","16,371"
11/06/2018,General,52,Tehama,11,Proposition 11,Emergency Ambulance Employees on-call.,"11,921","8,265"
11/06/2018,General,52,Tehama,12,Proposition 12,Farm Animals Confinement Standards.,"6,797","13,111"
11/06/2018,General,52,Tehama,2,Proposition 2,Amend Existing Housing Program for Mental Illness.,"8,432","11,813"
11/06/2018,General,52,Tehama,3,Proposition 3,Bond for Water and Environmental Projects.,"6,907","13,154"
11/06/2018,General,52,Tehama,4,Proposition 4,Bond for Children's Hospital Construction.,"8,528","11,571"
11/06/2018,General,52,Tehama,5,Proposition 5,Senior Property Reduction.,"8,002","11,930"
11/06/2018,General,52,Tehama,6,Proposition 6,Repeal of Fuel Tax Approved by Voters.,"12,546","7,897"
11/06/2018,General,52,Tehama,7,Proposition 7,Change Daylight Saving Time Period.,"10,411","9,694"
11/06/2018,General,52,Tehama,8,Proposition 8,Regulates Kidney Dialysis Treatment Charges.,"5,223","15,200"
11/06/2018,General,53,Trinity,1,Proposition 1,Bonds to Fund Veteran & Affordable Housing.,"2,100","3,077"
11/06/2018,General,53,Trinity,10,Proposition 10,Rental Control on Residential Property.,"1,403","3,767"
11/06/2018,General,53,Trinity,11,Proposition 11,Emergency Ambulance Employees on-call.,"2,963","2,161"
11/06/2018,General,53,Trinity,12,Proposition 12,Farm Animals Confinement Standards.,"2,185","2,966"
11/06/2018,General,53,Trinity,2,Proposition 2,Amend Existing Housing Program for Mental Illness.,"2,393","2,794"
11/06/2018,General,53,Trinity,3,Proposition 3,Bond for Water and Environmental Projects.,"1,549","3,624"
11/06/2018,General,53,Trinity,4,Proposition 4,Bond for Children's Hospital Construction.,"2,328","2,815"
11/06/2018,General,53,Trinity,5,Proposition 5,Senior Property Reduction.,"1,868","3,239"
11/06/2018,General,53,Trinity,6,Proposition 6,Repeal of Fuel Tax Approved by Voters.,"2,665","2,558"
11/06/2018,General,53,Trinity,7,Proposition 7,Change Daylight Saving Time Period.,"2,811","2,322"
11/06/2018,General,53,Trinity,8,Proposition 8,Regulates Kidney Dialysis Treatment Charges.,"1,685","3,503"
11/06/2018,General,54,Tulare,1,Proposition 1,Bonds to Fund Veteran & Affordable Housing.,"40,533","54,507"
11/06/2018,General,54,Tulare,10,Proposition 10,Rental Control on Residential Property.,"24,535","72,967"
11/06/2018,General,54,Tulare,11,Proposition 11,Emergency Ambulance Employees on-call.,"61,860","35,291"
11/06/2018,General,54,Tulare,12,Proposition 12,Farm Animals Confinement Standards.,"42,284","54,582"
11/06/2018,General,54,Tulare,2,Proposition 2,Amend Existing Housing Program for Mental Illness.,"48,272","46,706"
11/06/2018,General,54,Tulare,3,Proposition 3,Bond for Water and Environmental Projects.,"49,794","44,293"
11/06/2018,General,54,Tulare,4,Proposition 4,Bond for Children's Hospital Construction.,"56,131","38,881"
11/06/2018,General,54,Tulare,5,Proposition 5,Senior Property Reduction.,"38,141","58,176"
11/06/2018,General,54,Tulare,6,Proposition 6,Repeal of Fuel Tax Approved by Voters.,"56,848","41,264"
11/06/2018,General,54,Tulare,7,Proposition 7,Change Daylight Saving Time Period.,"45,647","50,960"
11/06/2018,General,54,Tulare,8,Proposition 8,Regulates Kidney Dialysis Treatment Charges.,"28,109","69,542"
11/06/2018,General,55,Tuolumne,1,Proposition 1,Bonds to Fund Veteran & Affordable Housing.,"9,606","13,461"
11/06/2018,General,55,Tuolumne,10,Proposition 10,Rental Control on Residential Property.,"6,007","17,201"
11/06/2018,General,55,Tuolumne,11,Proposition 11,Emergency Ambulance Employees on-call.,"14,782","8,132"
11/06/2018,General,55,Tuolumne,12,Proposition 12,Farm Animals Confinement Standards.,"11,371","11,721"
11/06/2018,General,55,Tuolumne,2,Proposition 2,Amend Existing Housing Program for Mental Illness.,"10,923","12,153"
11/06/2018,General,55,Tuolumne,3,Proposition 3,Bond for Water and Environmental Projects.,"8,849","13,904"
11/06/2018,General,55,Tuolumne,4,Proposition 4,Bond for Children's Hospital Construction.,"10,982","11,917"
11/06/2018,General,55,Tuolumne,5,Proposition 5,Senior Property Reduction.,"10,306","12,425"
11/06/2018,General,55,Tuolumne,6,Proposition 6,Repeal of Fuel Tax Approved by Voters.,"12,914","10,439"
11/06/2018,General,55,Tuolumne,7,Proposition 7,Change Daylight Saving Time Period.,"13,259","9,630"
11/06/2018,General,55,Tuolumne,8,Proposition 8,Regulates Kidney Dialysis Treatment Charges.,"7,554","15,546"
11/06/2018,General,56,Ventura,1,Proposition 1,Bonds to Fund Veteran & Affordable Housing.,"157,745","145,780"
11/06/2018,General,56,Ventura,10,Proposition 10,Rental Control on Residential Property.,"116,268","188,761"
11/06/2018,General,56,Ventura,11,Proposition 11,Emergency Ambulance Employees on-call.,"184,031","118,429"
11/06/2018,General,56,Ventura,12,Proposition 12,Farm Animals Confinement Standards.,"191,802","110,883"
11/06/2018,General,56,Ventura,2,Proposition 2,Amend Existing Housing Program for Mental Illness.,"182,835","120,638"
11/06/2018,General,56,Ventura,3,Proposition 3,Bond for Water and Environmental Projects.,"143,622","154,927"
11/06/2018,General,56,Ventura,4,Proposition 4,Bond for Children's Hospital Construction.,"182,205","119,395"
11/06/2018,General,56,Ventura,5,Proposition 5,Senior Property Reduction.,"135,756","164,507"
11/06/2018,General,56,Ventura,6,Proposition 6,Repeal of Fuel Tax Approved by Voters.,"146,052","159,641"
11/06/2018,General,56,Ventura,7,Proposition 7,Change Daylight Saving Time Period.,"187,112","113,113"
11/06/2018,General,56,Ventura,8,Proposition 8,Regulates Kidney Dialysis Treatment Charges.,"114,221","187,357"
11/06/2018,General,57,Yolo,1,Proposition 1,Bonds to Fund Veteran & Affordable Housing.,"43,247","28,615"
11/06/2018,General,57,Yolo,10,Proposition 10,Rental Control on Residential Property.,"31,779","40,046"
11/06/2018,General,57,Yolo,11,Proposition 11,Emergency Ambulance Employees on-call.,"41,310","29,825"
11/06/2018,General,57,Yolo,12,Proposition 12,Farm Animals Confinement Standards.,"42,077","29,513"
11/06/2018,General,57,Yolo,2,Proposition 2,Amend Existing Housing Program for Mental Illness.,"46,817","25,259"
11/06/2018,General,57,Yolo,3,Proposition 3,Bond for Water and Environmental Projects.,"36,827","34,094"
11/06/2018,General,57,Yolo,4,Proposition 4,Bond for Children's Hospital Construction.,"45,388","26,055"
11/06/2018,General,57,Yolo,5,Proposition 5,Senior Property Reduction.,"22,053","48,624"
11/06/2018,General,57,Yolo,6,Proposition 6,Repeal of Fuel Tax Approved by Voters.,"24,746","47,815"
11/06/2018,General,57,Yolo,7,Proposition 7,Change Daylight Saving Time Period.,"41,855","29,365"
11/06/2018,General,57,Yolo,8,Proposition 8,Regulates Kidney Dialysis Treatment Charges.,"29,461","41,882"
11/06/2018,General,58,Yuba,1,Proposition 1,Bonds to Fund Veteran & Affordable Housing.,"7,637","11,171"
11/06/2018,General,58,Yuba,10,Proposition 10,Rental Control on Residential Property.,"4,674","14,035"
11/06/2018,General,58,Yuba,11,Proposition 11,Emergency Ambulance Employees on-call.,"11,379","7,204"
11/06/2018,General,58,Yuba,12,Proposition 12,Farm Animals Confinement Standards.,"8,620","9,915"
11/06/2018,General,58,Yuba,2,Proposition 2,Amend Existing Housing Program for Mental Illness.,"8,563","10,241"
11/06/2018,General,58,Yuba,3,Proposition 3,Bond for Water and Environmental Projects.,"7,747","10,823"
11/06/2018,General,58,Yuba,4,Proposition 4,Bond for Children's Hospital Construction.,"8,873","9,747"
11/06/2018,General,58,Yuba,5,Proposition 5,Senior Property Reduction.,"7,980","10,547"
11/06/2018,General,58,Yuba,6,Proposition 6,Repeal of Fuel Tax Approved by Voters.,"11,700","7,263"
11/06/2018,General,58,Yuba,7,Proposition 7,Change Daylight Saving Time Period.,"10,285","8,432"
11/06/2018,General,58,Yuba,8,Proposition 8,Regulates Kidney Dialysis Treatment Charges.,"5,967","12,845"
11/06/2018,General,59,State Totals,1,Proposition 1,Bonds to Fund Veteran & Affordable Housing.,"6,751,018","5,258,157"
11/06/2018,General,59,State Totals,10,Proposition 10,Rental Control on Residential Property.,"4,949,543","7,251,443"
11/06/2018,General,59,State Totals,11,Proposition 11,Emergency Ambulance Employees on-call.,"7,181,116","4,861,831"
11/06/2018,General,59,State Totals,12,Proposition 12,Farm Animals Confinement Standards.,"7,551,434","4,499,702"
11/06/2018,General,59,State Totals,2,Proposition 2,Amend Existing Housing Program for Mental Illness.,"7,662,528","4,417,327"
11/06/2018,General,59,State Totals,3,Proposition 3,Bond for Water and Environmental Projects.,"5,879,836","6,034,991"
11/06/2018,General,59,State Totals,4,Proposition 4,Bond for Children's Hospital Construction.,"7,551,298","4,494,143"
11/06/2018,General,59,State Totals,5,Proposition 5,Senior Property Reduction.,"4,813,251","7,152,993"
11/06/2018,General,59,State Totals,6,Proposition 6,Repeal of Fuel Tax Approved by Voters.,"5,283,222","6,952,081"
11/06/2018,General,59,State Totals,7,Proposition 7,Change Daylight Saving Time Period.,"7,167,315","4,828,564"
11/06/2018,General,59,State Totals,8,Proposition 8,Regulates Kidney Dialysis Treatment Charges.,"4,845,264","7,247,917"
