Election Date,Election Name,County ID,County Name,Ballot Measure ID,Ballot Measure Name,Ballot Measure Title,Yes Votes,No Votes
11/3/2020,"November 3, 2020, General Election",1,Alameda,1.9E+11,Proposition 14,Bonds to Continue Stem Cell Research,"451,259","292,029"
11/3/2020,"November 3, 2020, General Election",1,Alameda,1.9E+11,Proposition 15,"Property Tax to Fund Schools, Government Services","492,564","266,133"
11/3/2020,"November 3, 2020, General Election",1,Alameda,1.9E+11,Proposition 16,Affirmative Action in Government Decisions,"441,297","307,149"
11/3/2020,"November 3, 2020, General Election",1,Alameda,1.9E+11,Proposition 17,Restores Right to Vote After Prison Term,"559,974","197,351"
11/3/2020,"November 3, 2020, General Election",1,Alameda,1.9E+11,Proposition 18,17-year-old Primary Voting Rights,"452,629","304,242"
11/3/2020,"November 3, 2020, General Election",1,Alameda,1.9E+11,Proposition 19,Changes Certain Property Tax Rules,"423,439","309,630"
11/3/2020,"November 3, 2020, General Election",1,Alameda,1.9E+11,Proposition 20,Parole Restrictions for Certain Offenses,"215,724","515,607"
11/3/2020,"November 3, 2020, General Election",1,Alameda,1.9E+11,Proposition 21,Expands Governmentsâ€™ Authority to Rent Control,"374,224","371,858"
11/3/2020,"November 3, 2020, General Election",1,Alameda,1.9E+11,Proposition 22,App-Based Drivers and Employee Benefits,"339,056","413,079"
11/3/2020,"November 3, 2020, General Election",1,Alameda,1.9E+11,Proposition 23,State Requirements for Kidney Dialysis Clinics,"329,873","413,277"
11/3/2020,"November 3, 2020, General Election",1,Alameda,1.9E+11,Proposition 24,Amends Consumer Privacy Laws,"428,202","310,370"
11/3/2020,"November 3, 2020, General Election",1,Alameda,1.9E+11,Proposition 25,Eliminates Money Bail System,"410,147","310,951"
11/3/2020,"November 3, 2020, General Election",2,Alpine,1.9E+11,Proposition 14,Bonds to Continue Stem Cell Research,415,307
11/3/2020,"November 3, 2020, General Election",2,Alpine,1.9E+11,Proposition 15,"Property Tax to Fund Schools, Government Services",405,321
11/3/2020,"November 3, 2020, General Election",2,Alpine,1.9E+11,Proposition 16,Affirmative Action in Government Decisions,338,374
11/3/2020,"November 3, 2020, General Election",2,Alpine,1.9E+11,Proposition 17,Restores Right to Vote After Prison Term,469,261
11/3/2020,"November 3, 2020, General Election",2,Alpine,1.9E+11,Proposition 18,17-year-old Primary Voting Rights,339,386
11/3/2020,"November 3, 2020, General Election",2,Alpine,1.9E+11,Proposition 19,Changes Certain Property Tax Rules,412,302
11/3/2020,"November 3, 2020, General Election",2,Alpine,1.9E+11,Proposition 20,Parole Restrictions for Certain Offenses,198,510
11/3/2020,"November 3, 2020, General Election",2,Alpine,1.9E+11,Proposition 21,Expands Governmentsâ€™ Authority to Rent Control,322,401
11/3/2020,"November 3, 2020, General Election",2,Alpine,1.9E+11,Proposition 22,App-Based Drivers and Employee Benefits,316,398
11/3/2020,"November 3, 2020, General Election",2,Alpine,1.9E+11,Proposition 23,State Requirements for Kidney Dialysis Clinics,344,369
11/3/2020,"November 3, 2020, General Election",2,Alpine,1.9E+11,Proposition 24,Amends Consumer Privacy Laws,296,416
11/3/2020,"November 3, 2020, General Election",2,Alpine,1.9E+11,Proposition 25,Eliminates Money Bail System,391,318
11/3/2020,"November 3, 2020, General Election",3,Amador,1.9E+11,Proposition 14,Bonds to Continue Stem Cell Research,"7,348","14,469"
11/3/2020,"November 3, 2020, General Election",3,Amador,1.9E+11,Proposition 15,"Property Tax to Fund Schools, Government Services","5,697","16,361"
11/3/2020,"November 3, 2020, General Election",3,Amador,1.9E+11,Proposition 16,Affirmative Action in Government Decisions,"4,070","17,727"
11/3/2020,"November 3, 2020, General Election",3,Amador,1.9E+11,Proposition 17,Restores Right to Vote After Prison Term,"7,618","14,451"
11/3/2020,"November 3, 2020, General Election",3,Amador,1.9E+11,Proposition 18,17-year-old Primary Voting Rights,"4,739","17,377"
11/3/2020,"November 3, 2020, General Election",3,Amador,1.9E+11,Proposition 19,Changes Certain Property Tax Rules,"8,076","13,535"
11/3/2020,"November 3, 2020, General Election",3,Amador,1.9E+11,Proposition 20,Parole Restrictions for Certain Offenses,"10,186","11,401"
11/3/2020,"November 3, 2020, General Election",3,Amador,1.9E+11,Proposition 21,Expands Governmentsâ€™ Authority to Rent Control,"4,626","17,087"
11/3/2020,"November 3, 2020, General Election",3,Amador,1.9E+11,Proposition 22,App-Based Drivers and Employee Benefits,"14,632","7,133"
11/3/2020,"November 3, 2020, General Election",3,Amador,1.9E+11,Proposition 23,State Requirements for Kidney Dialysis Clinics,"4,615","17,149"
11/3/2020,"November 3, 2020, General Election",3,Amador,1.9E+11,Proposition 24,Amends Consumer Privacy Laws,"8,959","12,672"
11/3/2020,"November 3, 2020, General Election",3,Amador,1.9E+11,Proposition 25,Eliminates Money Bail System,"6,007","15,470"
11/3/2020,"November 3, 2020, General Election",4,Butte,1.9E+11,Proposition 14,Bonds to Continue Stem Cell Research,"42,718","56,532"
11/3/2020,"November 3, 2020, General Election",4,Butte,1.9E+11,Proposition 15,"Property Tax to Fund Schools, Government Services","38,455","62,246"
11/3/2020,"November 3, 2020, General Election",4,Butte,1.9E+11,Proposition 16,Affirmative Action in Government Decisions,"29,620","69,849"
11/3/2020,"November 3, 2020, General Election",4,Butte,1.9E+11,Proposition 17,Restores Right to Vote After Prison Term,"48,215","52,572"
11/3/2020,"November 3, 2020, General Election",4,Butte,1.9E+11,Proposition 18,17-year-old Primary Voting Rights,"33,318","67,670"
11/3/2020,"November 3, 2020, General Election",4,Butte,1.9E+11,Proposition 19,Changes Certain Property Tax Rules,"46,144","52,283"
11/3/2020,"November 3, 2020, General Election",4,Butte,1.9E+11,Proposition 20,Parole Restrictions for Certain Offenses,"43,029","55,357"
11/3/2020,"November 3, 2020, General Election",4,Butte,1.9E+11,Proposition 21,Expands Governmentsâ€™ Authority to Rent Control,"31,358","67,845"
11/3/2020,"November 3, 2020, General Election",4,Butte,1.9E+11,Proposition 22,App-Based Drivers and Employee Benefits,"62,843","36,836"
11/3/2020,"November 3, 2020, General Election",4,Butte,1.9E+11,Proposition 23,State Requirements for Kidney Dialysis Clinics,"29,338","70,174"
11/3/2020,"November 3, 2020, General Election",4,Butte,1.9E+11,Proposition 24,Amends Consumer Privacy Laws,"47,050","51,304"
11/3/2020,"November 3, 2020, General Election",4,Butte,1.9E+11,Proposition 25,Eliminates Money Bail System,"35,581","62,468"
11/3/2020,"November 3, 2020, General Election",5,Calaveras,1.9E+11,Proposition 14,Bonds to Continue Stem Cell Research,"9,330","17,079"
11/3/2020,"November 3, 2020, General Election",5,Calaveras,1.9E+11,Proposition 15,"Property Tax to Fund Schools, Government Services","7,248","19,481"
11/3/2020,"November 3, 2020, General Election",5,Calaveras,1.9E+11,Proposition 16,Affirmative Action in Government Decisions,"5,251","21,128"
11/3/2020,"November 3, 2020, General Election",5,Calaveras,1.9E+11,Proposition 17,Restores Right to Vote After Prison Term,"9,906","16,806"
11/3/2020,"November 3, 2020, General Election",5,Calaveras,1.9E+11,Proposition 18,17-year-old Primary Voting Rights,"5,876","20,963"
11/3/2020,"November 3, 2020, General Election",5,Calaveras,1.9E+11,Proposition 19,Changes Certain Property Tax Rules,"10,476","15,764"
11/3/2020,"November 3, 2020, General Election",5,Calaveras,1.9E+11,Proposition 20,Parole Restrictions for Certain Offenses,"11,974","14,137"
11/3/2020,"November 3, 2020, General Election",5,Calaveras,1.9E+11,Proposition 21,Expands Governmentsâ€™ Authority to Rent Control,"5,553","20,750"
11/3/2020,"November 3, 2020, General Election",5,Calaveras,1.9E+11,Proposition 22,App-Based Drivers and Employee Benefits,"17,669","8,668"
11/3/2020,"November 3, 2020, General Election",5,Calaveras,1.9E+11,Proposition 23,State Requirements for Kidney Dialysis Clinics,"5,538","20,896"
11/3/2020,"November 3, 2020, General Election",5,Calaveras,1.9E+11,Proposition 24,Amends Consumer Privacy Laws,"10,921","15,255"
11/3/2020,"November 3, 2020, General Election",5,Calaveras,1.9E+11,Proposition 25,Eliminates Money Bail System,"7,625","18,539"
11/3/2020,"November 3, 2020, General Election",6,Colusa,1.9E+11,Proposition 14,Bonds to Continue Stem Cell Research,"2,856","4,915"
11/3/2020,"November 3, 2020, General Election",6,Colusa,1.9E+11,Proposition 15,"Property Tax to Fund Schools, Government Services","2,357","5,490"
11/3/2020,"November 3, 2020, General Election",6,Colusa,1.9E+11,Proposition 16,Affirmative Action in Government Decisions,"1,830","5,889"
11/3/2020,"November 3, 2020, General Election",6,Colusa,1.9E+11,Proposition 17,Restores Right to Vote After Prison Term,"2,821","4,999"
11/3/2020,"November 3, 2020, General Election",6,Colusa,1.9E+11,Proposition 18,17-year-old Primary Voting Rights,"1,834","6,001"
11/3/2020,"November 3, 2020, General Election",6,Colusa,1.9E+11,Proposition 19,Changes Certain Property Tax Rules,"3,239","4,469"
11/3/2020,"November 3, 2020, General Election",6,Colusa,1.9E+11,Proposition 20,Parole Restrictions for Certain Offenses,"3,722","3,982"
11/3/2020,"November 3, 2020, General Election",6,Colusa,1.9E+11,Proposition 21,Expands Governmentsâ€™ Authority to Rent Control,"1,793","5,979"
11/3/2020,"November 3, 2020, General Election",6,Colusa,1.9E+11,Proposition 22,App-Based Drivers and Employee Benefits,"5,287","2,498"
11/3/2020,"November 3, 2020, General Election",6,Colusa,1.9E+11,Proposition 23,State Requirements for Kidney Dialysis Clinics,"2,022","5,779"
11/3/2020,"November 3, 2020, General Election",6,Colusa,1.9E+11,Proposition 24,Amends Consumer Privacy Laws,"3,348","4,319"
11/3/2020,"November 3, 2020, General Election",6,Colusa,1.9E+11,Proposition 25,Eliminates Money Bail System,"2,147","5,540"
11/3/2020,"November 3, 2020, General Election",7,Contra Costa,1.9E+11,Proposition 14,Bonds to Continue Stem Cell Research,"319,859","246,771"
11/3/2020,"November 3, 2020, General Election",7,Contra Costa,1.9E+11,Proposition 15,"Property Tax to Fund Schools, Government Services","314,413","259,630"
11/3/2020,"November 3, 2020, General Election",7,Contra Costa,1.9E+11,Proposition 16,Affirmative Action in Government Decisions,"268,242","296,198"
11/3/2020,"November 3, 2020, General Election",7,Contra Costa,1.9E+11,Proposition 17,Restores Right to Vote After Prison Term,"369,259","200,310"
11/3/2020,"November 3, 2020, General Election",7,Contra Costa,1.9E+11,Proposition 18,17-year-old Primary Voting Rights,"277,417","293,452"
11/3/2020,"November 3, 2020, General Election",7,Contra Costa,1.9E+11,Proposition 19,Changes Certain Property Tax Rules,"324,682","238,854"
11/3/2020,"November 3, 2020, General Election",7,Contra Costa,1.9E+11,Proposition 20,Parole Restrictions for Certain Offenses,"196,819","362,696"
11/3/2020,"November 3, 2020, General Election",7,Contra Costa,1.9E+11,Proposition 21,Expands Governmentsâ€™ Authority to Rent Control,"229,679","331,752"
11/3/2020,"November 3, 2020, General Election",7,Contra Costa,1.9E+11,Proposition 22,App-Based Drivers and Employee Benefits,"303,938","261,401"
11/3/2020,"November 3, 2020, General Election",7,Contra Costa,1.9E+11,Proposition 23,State Requirements for Kidney Dialysis Clinics,"212,213","350,108"
11/3/2020,"November 3, 2020, General Election",7,Contra Costa,1.9E+11,Proposition 24,Amends Consumer Privacy Laws,"336,583","223,935"
11/3/2020,"November 3, 2020, General Election",7,Contra Costa,1.9E+11,Proposition 25,Eliminates Money Bail System,"283,434","274,659"
11/3/2020,"November 3, 2020, General Election",8,Del Norte,1.9E+11,Proposition 14,Bonds to Continue Stem Cell Research,"4,021","7,183"
11/3/2020,"November 3, 2020, General Election",8,Del Norte,1.9E+11,Proposition 15,"Property Tax to Fund Schools, Government Services","4,055","7,282"
11/3/2020,"November 3, 2020, General Election",8,Del Norte,1.9E+11,Proposition 16,Affirmative Action in Government Decisions,"2,689","8,541"
11/3/2020,"November 3, 2020, General Election",8,Del Norte,1.9E+11,Proposition 17,Restores Right to Vote After Prison Term,"4,676","6,652"
11/3/2020,"November 3, 2020, General Election",8,Del Norte,1.9E+11,Proposition 18,17-year-old Primary Voting Rights,"3,123","8,244"
11/3/2020,"November 3, 2020, General Election",8,Del Norte,1.9E+11,Proposition 19,Changes Certain Property Tax Rules,"4,480","6,617"
11/3/2020,"November 3, 2020, General Election",8,Del Norte,1.9E+11,Proposition 20,Parole Restrictions for Certain Offenses,"5,535","5,545"
11/3/2020,"November 3, 2020, General Election",8,Del Norte,1.9E+11,Proposition 21,Expands Governmentsâ€™ Authority to Rent Control,"2,984","8,101"
11/3/2020,"November 3, 2020, General Election",8,Del Norte,1.9E+11,Proposition 22,App-Based Drivers and Employee Benefits,"6,440","4,669"
11/3/2020,"November 3, 2020, General Election",8,Del Norte,1.9E+11,Proposition 23,State Requirements for Kidney Dialysis Clinics,"3,793","7,345"
11/3/2020,"November 3, 2020, General Election",8,Del Norte,1.9E+11,Proposition 24,Amends Consumer Privacy Laws,"5,198","5,917"
11/3/2020,"November 3, 2020, General Election",8,Del Norte,1.9E+11,Proposition 25,Eliminates Money Bail System,"3,429","7,615"
11/3/2020,"November 3, 2020, General Election",9,El Dorado,1.9E+11,Proposition 14,Bonds to Continue Stem Cell Research,"43,131","69,710"
11/3/2020,"November 3, 2020, General Election",9,El Dorado,1.9E+11,Proposition 15,"Property Tax to Fund Schools, Government Services","35,969","78,650"
11/3/2020,"November 3, 2020, General Election",9,El Dorado,1.9E+11,Proposition 16,Affirmative Action in Government Decisions,"26,482","86,517"
11/3/2020,"November 3, 2020, General Election",9,El Dorado,1.9E+11,Proposition 17,Restores Right to Vote After Prison Term,"46,861","67,536"
11/3/2020,"November 3, 2020, General Election",9,El Dorado,1.9E+11,Proposition 18,17-year-old Primary Voting Rights,"31,377","83,592"
11/3/2020,"November 3, 2020, General Election",9,El Dorado,1.9E+11,Proposition 19,Changes Certain Property Tax Rules,"46,665","65,183"
11/3/2020,"November 3, 2020, General Election",9,El Dorado,1.9E+11,Proposition 20,Parole Restrictions for Certain Offenses,"50,788","60,219"
11/3/2020,"November 3, 2020, General Election",9,El Dorado,1.9E+11,Proposition 21,Expands Governmentsâ€™ Authority to Rent Control,"27,222","85,020"
11/3/2020,"November 3, 2020, General Election",9,El Dorado,1.9E+11,Proposition 22,App-Based Drivers and Employee Benefits,"76,060","36,838"
11/3/2020,"November 3, 2020, General Election",9,El Dorado,1.9E+11,Proposition 23,State Requirements for Kidney Dialysis Clinics,"28,619","83,829"
11/3/2020,"November 3, 2020, General Election",9,El Dorado,1.9E+11,Proposition 24,Amends Consumer Privacy Laws,"50,356","61,371"
11/3/2020,"November 3, 2020, General Election",9,El Dorado,1.9E+11,Proposition 25,Eliminates Money Bail System,"35,841","75,236"
11/3/2020,"November 3, 2020, General Election",10,Fresno,1.9E+11,Proposition 14,Bonds to Continue Stem Cell Research,"166,063","188,586"
11/3/2020,"November 3, 2020, General Election",10,Fresno,1.9E+11,Proposition 15,"Property Tax to Fund Schools, Government Services","147,121","211,621"
11/3/2020,"November 3, 2020, General Election",10,Fresno,1.9E+11,Proposition 16,Affirmative Action in Government Decisions,"118,482","235,826"
11/3/2020,"November 3, 2020, General Election",10,Fresno,1.9E+11,Proposition 17,Restores Right to Vote After Prison Term,"167,676","190,825"
11/3/2020,"November 3, 2020, General Election",10,Fresno,1.9E+11,Proposition 18,17-year-old Primary Voting Rights,"119,047","239,931"
11/3/2020,"November 3, 2020, General Election",10,Fresno,1.9E+11,Proposition 19,Changes Certain Property Tax Rules,"172,940","177,971"
11/3/2020,"November 3, 2020, General Election",10,Fresno,1.9E+11,Proposition 20,Parole Restrictions for Certain Offenses,"176,115","174,800"
11/3/2020,"November 3, 2020, General Election",10,Fresno,1.9E+11,Proposition 21,Expands Governmentsâ€™ Authority to Rent Control,"107,560","246,352"
11/3/2020,"November 3, 2020, General Election",10,Fresno,1.9E+11,Proposition 22,App-Based Drivers and Employee Benefits,"232,685","123,729"
11/3/2020,"November 3, 2020, General Election",10,Fresno,1.9E+11,Proposition 23,State Requirements for Kidney Dialysis Clinics,"118,174","237,669"
11/3/2020,"November 3, 2020, General Election",10,Fresno,1.9E+11,Proposition 24,Amends Consumer Privacy Laws,"185,659","165,759"
11/3/2020,"November 3, 2020, General Election",10,Fresno,1.9E+11,Proposition 25,Eliminates Money Bail System,"116,492","234,674"
11/3/2020,"November 3, 2020, General Election",11,Glenn,1.9E+11,Proposition 14,Bonds to Continue Stem Cell Research,"3,649","7,419"
11/3/2020,"November 3, 2020, General Election",11,Glenn,1.9E+11,Proposition 15,"Property Tax to Fund Schools, Government Services","2,859","8,302"
11/3/2020,"November 3, 2020, General Election",11,Glenn,1.9E+11,Proposition 16,Affirmative Action in Government Decisions,"2,186","8,797"
11/3/2020,"November 3, 2020, General Election",11,Glenn,1.9E+11,Proposition 17,Restores Right to Vote After Prison Term,"3,712","7,370"
11/3/2020,"November 3, 2020, General Election",11,Glenn,1.9E+11,Proposition 18,17-year-old Primary Voting Rights,"2,265","8,823"
11/3/2020,"November 3, 2020, General Election",11,Glenn,1.9E+11,Proposition 19,Changes Certain Property Tax Rules,"4,132","6,770"
11/3/2020,"November 3, 2020, General Election",11,Glenn,1.9E+11,Proposition 20,Parole Restrictions for Certain Offenses,"5,610","5,325"
11/3/2020,"November 3, 2020, General Election",11,Glenn,1.9E+11,Proposition 21,Expands Governmentsâ€™ Authority to Rent Control,"2,191","8,871"
11/3/2020,"November 3, 2020, General Election",11,Glenn,1.9E+11,Proposition 22,App-Based Drivers and Employee Benefits,"7,710","3,358"
11/3/2020,"November 3, 2020, General Election",11,Glenn,1.9E+11,Proposition 23,State Requirements for Kidney Dialysis Clinics,"2,496","8,567"
11/3/2020,"November 3, 2020, General Election",11,Glenn,1.9E+11,Proposition 24,Amends Consumer Privacy Laws,"4,743","6,266"
11/3/2020,"November 3, 2020, General Election",11,Glenn,1.9E+11,Proposition 25,Eliminates Money Bail System,"2,555","8,377"
11/3/2020,"November 3, 2020, General Election",12,Humboldt,1.9E+11,Proposition 14,Bonds to Continue Stem Cell Research,"32,573","33,698"
11/3/2020,"November 3, 2020, General Election",12,Humboldt,1.9E+11,Proposition 15,"Property Tax to Fund Schools, Government Services","36,654","30,878"
11/3/2020,"November 3, 2020, General Election",12,Humboldt,1.9E+11,Proposition 16,Affirmative Action in Government Decisions,"27,399","38,823"
11/3/2020,"November 3, 2020, General Election",12,Humboldt,1.9E+11,Proposition 17,Restores Right to Vote After Prison Term,"42,658","24,919"
11/3/2020,"November 3, 2020, General Election",12,Humboldt,1.9E+11,Proposition 18,17-year-old Primary Voting Rights,"31,564","36,004"
11/3/2020,"November 3, 2020, General Election",12,Humboldt,1.9E+11,Proposition 19,Changes Certain Property Tax Rules,"32,866","32,790"
11/3/2020,"November 3, 2020, General Election",12,Humboldt,1.9E+11,Proposition 20,Parole Restrictions for Certain Offenses,"21,395","44,074"
11/3/2020,"November 3, 2020, General Election",12,Humboldt,1.9E+11,Proposition 21,Expands Governmentsâ€™ Authority to Rent Control,"27,835","38,400"
11/3/2020,"November 3, 2020, General Election",12,Humboldt,1.9E+11,Proposition 22,App-Based Drivers and Employee Benefits,"30,264","35,893"
11/3/2020,"November 3, 2020, General Election",12,Humboldt,1.9E+11,Proposition 23,State Requirements for Kidney Dialysis Clinics,"26,201","39,515"
11/3/2020,"November 3, 2020, General Election",12,Humboldt,1.9E+11,Proposition 24,Amends Consumer Privacy Laws,"34,733","30,688"
11/3/2020,"November 3, 2020, General Election",12,Humboldt,1.9E+11,Proposition 25,Eliminates Money Bail System,"31,206","34,171"
11/3/2020,"November 3, 2020, General Election",13,Imperial,1.9E+11,Proposition 14,Bonds to Continue Stem Cell Research,"30,852","24,206"
11/3/2020,"November 3, 2020, General Election",13,Imperial,1.9E+11,Proposition 15,"Property Tax to Fund Schools, Government Services","28,522","27,044"
11/3/2020,"November 3, 2020, General Election",13,Imperial,1.9E+11,Proposition 16,Affirmative Action in Government Decisions,"23,149","31,887"
11/3/2020,"November 3, 2020, General Election",13,Imperial,1.9E+11,Proposition 17,Restores Right to Vote After Prison Term,"29,257","26,126"
11/3/2020,"November 3, 2020, General Election",13,Imperial,1.9E+11,Proposition 18,17-year-old Primary Voting Rights,"21,536","33,906"
11/3/2020,"November 3, 2020, General Election",13,Imperial,1.9E+11,Proposition 19,Changes Certain Property Tax Rules,"29,653","24,995"
11/3/2020,"November 3, 2020, General Election",13,Imperial,1.9E+11,Proposition 20,Parole Restrictions for Certain Offenses,"24,790","30,013"
11/3/2020,"November 3, 2020, General Election",13,Imperial,1.9E+11,Proposition 21,Expands Governmentsâ€™ Authority to Rent Control,"19,760","35,121"
11/3/2020,"November 3, 2020, General Election",13,Imperial,1.9E+11,Proposition 22,App-Based Drivers and Employee Benefits,"32,106","23,075"
11/3/2020,"November 3, 2020, General Election",13,Imperial,1.9E+11,Proposition 23,State Requirements for Kidney Dialysis Clinics,"25,412","29,706"
11/3/2020,"November 3, 2020, General Election",13,Imperial,1.9E+11,Proposition 24,Amends Consumer Privacy Laws,"33,587","21,205"
11/3/2020,"November 3, 2020, General Election",13,Imperial,1.9E+11,Proposition 25,Eliminates Money Bail System,"21,009","33,315"
11/3/2020,"November 3, 2020, General Election",14,Inyo,1.9E+11,Proposition 14,Bonds to Continue Stem Cell Research,"3,739","5,417"
11/3/2020,"November 3, 2020, General Election",14,Inyo,1.9E+11,Proposition 15,"Property Tax to Fund Schools, Government Services","3,661","5,653"
11/3/2020,"November 3, 2020, General Election",14,Inyo,1.9E+11,Proposition 16,Affirmative Action in Government Decisions,"2,806","6,356"
11/3/2020,"November 3, 2020, General Election",14,Inyo,1.9E+11,Proposition 17,Restores Right to Vote After Prison Term,"4,308","4,997"
11/3/2020,"November 3, 2020, General Election",14,Inyo,1.9E+11,Proposition 18,17-year-old Primary Voting Rights,"2,945","6,381"
11/3/2020,"November 3, 2020, General Election",14,Inyo,1.9E+11,Proposition 19,Changes Certain Property Tax Rules,"3,947","5,094"
11/3/2020,"November 3, 2020, General Election",14,Inyo,1.9E+11,Proposition 20,Parole Restrictions for Certain Offenses,"3,732","5,346"
11/3/2020,"November 3, 2020, General Election",14,Inyo,1.9E+11,Proposition 21,Expands Governmentsâ€™ Authority to Rent Control,"2,845","6,267"
11/3/2020,"November 3, 2020, General Election",14,Inyo,1.9E+11,Proposition 22,App-Based Drivers and Employee Benefits,"5,336","3,808"
11/3/2020,"November 3, 2020, General Election",14,Inyo,1.9E+11,Proposition 23,State Requirements for Kidney Dialysis Clinics,"2,454","6,712"
11/3/2020,"November 3, 2020, General Election",14,Inyo,1.9E+11,Proposition 24,Amends Consumer Privacy Laws,"4,197","4,899"
11/3/2020,"November 3, 2020, General Election",14,Inyo,1.9E+11,Proposition 25,Eliminates Money Bail System,"3,328","5,758"
11/3/2020,"November 3, 2020, General Election",15,Kern,1.9E+11,Proposition 14,Bonds to Continue Stem Cell Research,"125,659","172,132"
11/3/2020,"November 3, 2020, General Election",15,Kern,1.9E+11,Proposition 15,"Property Tax to Fund Schools, Government Services","106,484","195,476"
11/3/2020,"November 3, 2020, General Election",15,Kern,1.9E+11,Proposition 16,Affirmative Action in Government Decisions,"83,741","215,696"
11/3/2020,"November 3, 2020, General Election",15,Kern,1.9E+11,Proposition 17,Restores Right to Vote After Prison Term,"123,203","178,179"
11/3/2020,"November 3, 2020, General Election",15,Kern,1.9E+11,Proposition 18,17-year-old Primary Voting Rights,"86,501","215,606"
11/3/2020,"November 3, 2020, General Election",15,Kern,1.9E+11,Proposition 19,Changes Certain Property Tax Rules,"127,095","169,976"
11/3/2020,"November 3, 2020, General Election",15,Kern,1.9E+11,Proposition 20,Parole Restrictions for Certain Offenses,"148,479","149,395"
11/3/2020,"November 3, 2020, General Election",15,Kern,1.9E+11,Proposition 21,Expands Governmentsâ€™ Authority to Rent Control,"78,398","221,062"
11/3/2020,"November 3, 2020, General Election",15,Kern,1.9E+11,Proposition 22,App-Based Drivers and Employee Benefits,"201,842","98,742"
11/3/2020,"November 3, 2020, General Election",15,Kern,1.9E+11,Proposition 23,State Requirements for Kidney Dialysis Clinics,"86,568","213,817"
11/3/2020,"November 3, 2020, General Election",15,Kern,1.9E+11,Proposition 24,Amends Consumer Privacy Laws,"144,607","153,174"
11/3/2020,"November 3, 2020, General Election",15,Kern,1.9E+11,Proposition 25,Eliminates Money Bail System,"87,116","208,596"
11/3/2020,"November 3, 2020, General Election",16,Kings,1.9E+11,Proposition 14,Bonds to Continue Stem Cell Research,"17,012","26,040"
11/3/2020,"November 3, 2020, General Election",16,Kings,1.9E+11,Proposition 15,"Property Tax to Fund Schools, Government Services","14,921","28,360"
11/3/2020,"November 3, 2020, General Election",16,Kings,1.9E+11,Proposition 16,Affirmative Action in Government Decisions,"11,275","31,730"
11/3/2020,"November 3, 2020, General Election",16,Kings,1.9E+11,Proposition 17,Restores Right to Vote After Prison Term,"16,625","26,652"
11/3/2020,"November 3, 2020, General Election",16,Kings,1.9E+11,Proposition 18,17-year-old Primary Voting Rights,"11,450","31,898"
11/3/2020,"November 3, 2020, General Election",16,Kings,1.9E+11,Proposition 19,Changes Certain Property Tax Rules,"18,604","24,111"
11/3/2020,"November 3, 2020, General Election",16,Kings,1.9E+11,Proposition 20,Parole Restrictions for Certain Offenses,"23,992","19,079"
11/3/2020,"November 3, 2020, General Election",16,Kings,1.9E+11,Proposition 21,Expands Governmentsâ€™ Authority to Rent Control,"10,701","32,433"
11/3/2020,"November 3, 2020, General Election",16,Kings,1.9E+11,Proposition 22,App-Based Drivers and Employee Benefits,"29,062","14,078"
11/3/2020,"November 3, 2020, General Election",16,Kings,1.9E+11,Proposition 23,State Requirements for Kidney Dialysis Clinics,"13,028","30,267"
11/3/2020,"November 3, 2020, General Election",16,Kings,1.9E+11,Proposition 24,Amends Consumer Privacy Laws,"19,619","22,539"
11/3/2020,"November 3, 2020, General Election",16,Kings,1.9E+11,Proposition 25,Eliminates Money Bail System,"11,566","30,474"
11/3/2020,"November 3, 2020, General Election",17,Lake,1.9E+11,Proposition 14,Bonds to Continue Stem Cell Research,"12,965","15,014"
11/3/2020,"November 3, 2020, General Election",17,Lake,1.9E+11,Proposition 15,"Property Tax to Fund Schools, Government Services","11,930","16,342"
11/3/2020,"November 3, 2020, General Election",17,Lake,1.9E+11,Proposition 16,Affirmative Action in Government Decisions,"8,760","19,137"
11/3/2020,"November 3, 2020, General Election",17,Lake,1.9E+11,Proposition 17,Restores Right to Vote After Prison Term,"14,292","13,994"
11/3/2020,"November 3, 2020, General Election",17,Lake,1.9E+11,Proposition 18,17-year-old Primary Voting Rights,"9,541","18,823"
11/3/2020,"November 3, 2020, General Election",17,Lake,1.9E+11,Proposition 19,Changes Certain Property Tax Rules,"14,812","13,020"
11/3/2020,"November 3, 2020, General Election",17,Lake,1.9E+11,Proposition 20,Parole Restrictions for Certain Offenses,"11,410","16,354"
11/3/2020,"November 3, 2020, General Election",17,Lake,1.9E+11,Proposition 21,Expands Governmentsâ€™ Authority to Rent Control,"9,495","18,434"
11/3/2020,"November 3, 2020, General Election",17,Lake,1.9E+11,Proposition 22,App-Based Drivers and Employee Benefits,"15,845","12,088"
11/3/2020,"November 3, 2020, General Election",17,Lake,1.9E+11,Proposition 23,State Requirements for Kidney Dialysis Clinics,"8,875","19,120"
11/3/2020,"November 3, 2020, General Election",17,Lake,1.9E+11,Proposition 24,Amends Consumer Privacy Laws,"14,671","12,983"
11/3/2020,"November 3, 2020, General Election",17,Lake,1.9E+11,Proposition 25,Eliminates Money Bail System,"11,692","16,066"
11/3/2020,"November 3, 2020, General Election",18,Lassen,1.9E+11,Proposition 14,Bonds to Continue Stem Cell Research,"2,906","8,780"
11/3/2020,"November 3, 2020, General Election",18,Lassen,1.9E+11,Proposition 15,"Property Tax to Fund Schools, Government Services","2,539","9,245"
11/3/2020,"November 3, 2020, General Election",18,Lassen,1.9E+11,Proposition 16,Affirmative Action in Government Decisions,"1,486","10,165"
11/3/2020,"November 3, 2020, General Election",18,Lassen,1.9E+11,Proposition 17,Restores Right to Vote After Prison Term,"2,996","8,802"
11/3/2020,"November 3, 2020, General Election",18,Lassen,1.9E+11,Proposition 18,17-year-old Primary Voting Rights,"1,712","10,077"
11/3/2020,"November 3, 2020, General Election",18,Lassen,1.9E+11,Proposition 19,Changes Certain Property Tax Rules,"3,724","7,827"
11/3/2020,"November 3, 2020, General Election",18,Lassen,1.9E+11,Proposition 20,Parole Restrictions for Certain Offenses,"7,018","4,605"
11/3/2020,"November 3, 2020, General Election",18,Lassen,1.9E+11,Proposition 21,Expands Governmentsâ€™ Authority to Rent Control,"1,913","9,764"
11/3/2020,"November 3, 2020, General Election",18,Lassen,1.9E+11,Proposition 22,App-Based Drivers and Employee Benefits,"8,132","3,554"
11/3/2020,"November 3, 2020, General Election",18,Lassen,1.9E+11,Proposition 23,State Requirements for Kidney Dialysis Clinics,"2,534","9,123"
11/3/2020,"November 3, 2020, General Election",18,Lassen,1.9E+11,Proposition 24,Amends Consumer Privacy Laws,"4,249","7,363"
11/3/2020,"November 3, 2020, General Election",18,Lassen,1.9E+11,Proposition 25,Eliminates Money Bail System,"2,189","9,483"
11/3/2020,"November 3, 2020, General Election",19,Los Angeles,1.9E+11,Proposition 14,Bonds to Continue Stem Cell Research,"2,137,446","1,881,190"
11/3/2020,"November 3, 2020, General Election",19,Los Angeles,1.9E+11,Proposition 15,"Property Tax to Fund Schools, Government Services","2,203,867","1,912,120"
11/3/2020,"November 3, 2020, General Election",19,Los Angeles,1.9E+11,Proposition 16,Affirmative Action in Government Decisions,"2,068,931","1,989,167"
11/3/2020,"November 3, 2020, General Election",19,Los Angeles,1.9E+11,Proposition 17,Restores Right to Vote After Prison Term,"2,690,219","1,413,713"
11/3/2020,"November 3, 2020, General Election",19,Los Angeles,1.9E+11,Proposition 18,17-year-old Primary Voting Rights,"2,128,704","1,982,960"
11/3/2020,"November 3, 2020, General Election",19,Los Angeles,1.9E+11,Proposition 19,Changes Certain Property Tax Rules,"2,013,828","2,003,825"
11/3/2020,"November 3, 2020, General Election",19,Los Angeles,1.9E+11,Proposition 20,Parole Restrictions for Certain Offenses,"1,383,312","2,627,059"
11/3/2020,"November 3, 2020, General Election",19,Los Angeles,1.9E+11,Proposition 21,Expands Governmentsâ€™ Authority to Rent Control,"2,021,538","2,049,528"
11/3/2020,"November 3, 2020, General Election",19,Los Angeles,1.9E+11,Proposition 22,App-Based Drivers and Employee Benefits,"2,268,501","1,831,158"
11/3/2020,"November 3, 2020, General Election",19,Los Angeles,1.9E+11,Proposition 23,State Requirements for Kidney Dialysis Clinics,"1,672,676","2,385,774"
11/3/2020,"November 3, 2020, General Election",19,Los Angeles,1.9E+11,Proposition 24,Amends Consumer Privacy Laws,"2,399,772","1,611,104"
11/3/2020,"November 3, 2020, General Election",19,Los Angeles,1.9E+11,Proposition 25,Eliminates Money Bail System,"1,804,340","2,182,376"
11/3/2020,"November 3, 2020, General Election",20,Madera,1.9E+11,Proposition 14,Bonds to Continue Stem Cell Research,"20,287","32,170"
11/3/2020,"November 3, 2020, General Election",20,Madera,1.9E+11,Proposition 15,"Property Tax to Fund Schools, Government Services","17,037","36,004"
11/3/2020,"November 3, 2020, General Election",20,Madera,1.9E+11,Proposition 16,Affirmative Action in Government Decisions,"13,332","39,177"
11/3/2020,"November 3, 2020, General Election",20,Madera,1.9E+11,Proposition 17,Restores Right to Vote After Prison Term,"20,572","32,573"
11/3/2020,"November 3, 2020, General Election",20,Madera,1.9E+11,Proposition 18,17-year-old Primary Voting Rights,"13,882","39,329"
11/3/2020,"November 3, 2020, General Election",20,Madera,1.9E+11,Proposition 19,Changes Certain Property Tax Rules,"21,712","29,964"
11/3/2020,"November 3, 2020, General Election",20,Madera,1.9E+11,Proposition 20,Parole Restrictions for Certain Offenses,"28,275","24,172"
11/3/2020,"November 3, 2020, General Election",20,Madera,1.9E+11,Proposition 21,Expands Governmentsâ€™ Authority to Rent Control,"13,132","39,644"
11/3/2020,"November 3, 2020, General Election",20,Madera,1.9E+11,Proposition 22,App-Based Drivers and Employee Benefits,"35,681","16,804"
11/3/2020,"November 3, 2020, General Election",20,Madera,1.9E+11,Proposition 23,State Requirements for Kidney Dialysis Clinics,"14,794","37,694"
11/3/2020,"November 3, 2020, General Election",20,Madera,1.9E+11,Proposition 24,Amends Consumer Privacy Laws,"23,691","28,325"
11/3/2020,"November 3, 2020, General Election",20,Madera,1.9E+11,Proposition 25,Eliminates Money Bail System,"14,099","37,838"
11/3/2020,"November 3, 2020, General Election",21,Marin,1.9E+11,Proposition 14,Bonds to Continue Stem Cell Research,"84,312","63,052"
11/3/2020,"November 3, 2020, General Election",21,Marin,1.9E+11,Proposition 15,"Property Tax to Fund Schools, Government Services","92,705","58,090"
11/3/2020,"November 3, 2020, General Election",21,Marin,1.9E+11,Proposition 16,Affirmative Action in Government Decisions,"81,982","65,332"
11/3/2020,"November 3, 2020, General Election",21,Marin,1.9E+11,Proposition 17,Restores Right to Vote After Prison Term,"112,293","38,398"
11/3/2020,"November 3, 2020, General Election",21,Marin,1.9E+11,Proposition 18,17-year-old Primary Voting Rights,"86,656","62,811"
11/3/2020,"November 3, 2020, General Election",21,Marin,1.9E+11,Proposition 19,Changes Certain Property Tax Rules,"81,026","65,914"
11/3/2020,"November 3, 2020, General Election",21,Marin,1.9E+11,Proposition 20,Parole Restrictions for Certain Offenses,"37,787","106,893"
11/3/2020,"November 3, 2020, General Election",21,Marin,1.9E+11,Proposition 21,Expands Governmentsâ€™ Authority to Rent Control,"60,828","85,888"
11/3/2020,"November 3, 2020, General Election",21,Marin,1.9E+11,Proposition 22,App-Based Drivers and Employee Benefits,"69,290","79,083"
11/3/2020,"November 3, 2020, General Election",21,Marin,1.9E+11,Proposition 23,State Requirements for Kidney Dialysis Clinics,"51,877","94,100"
11/3/2020,"November 3, 2020, General Election",21,Marin,1.9E+11,Proposition 24,Amends Consumer Privacy Laws,"77,632","67,778"
11/3/2020,"November 3, 2020, General Election",21,Marin,1.9E+11,Proposition 25,Eliminates Money Bail System,"89,217","56,207"
11/3/2020,"November 3, 2020, General Election",22,Mariposa,1.9E+11,Proposition 14,Bonds to Continue Stem Cell Research,"3,468","6,621"
11/3/2020,"November 3, 2020, General Election",22,Mariposa,1.9E+11,Proposition 15,"Property Tax to Fund Schools, Government Services","3,134","7,079"
11/3/2020,"November 3, 2020, General Election",22,Mariposa,1.9E+11,Proposition 16,Affirmative Action in Government Decisions,"2,331","7,735"
11/3/2020,"November 3, 2020, General Election",22,Mariposa,1.9E+11,Proposition 17,Restores Right to Vote After Prison Term,"4,036","6,132"
11/3/2020,"November 3, 2020, General Election",22,Mariposa,1.9E+11,Proposition 18,17-year-old Primary Voting Rights,"2,599","7,581"
11/3/2020,"November 3, 2020, General Election",22,Mariposa,1.9E+11,Proposition 19,Changes Certain Property Tax Rules,"3,942","6,040"
11/3/2020,"November 3, 2020, General Election",22,Mariposa,1.9E+11,Proposition 20,Parole Restrictions for Certain Offenses,"4,754","5,210"
11/3/2020,"November 3, 2020, General Election",22,Mariposa,1.9E+11,Proposition 21,Expands Governmentsâ€™ Authority to Rent Control,"2,382","7,650"
11/3/2020,"November 3, 2020, General Election",22,Mariposa,1.9E+11,Proposition 22,App-Based Drivers and Employee Benefits,"6,397","3,638"
11/3/2020,"November 3, 2020, General Election",22,Mariposa,1.9E+11,Proposition 23,State Requirements for Kidney Dialysis Clinics,"2,437","7,614"
11/3/2020,"November 3, 2020, General Election",22,Mariposa,1.9E+11,Proposition 24,Amends Consumer Privacy Laws,"4,055","5,930"
11/3/2020,"November 3, 2020, General Election",22,Mariposa,1.9E+11,Proposition 25,Eliminates Money Bail System,"2,963","6,976"
11/3/2020,"November 3, 2020, General Election",23,Mendocino,1.9E+11,Proposition 14,Bonds to Continue Stem Cell Research,"22,406","19,289"
11/3/2020,"November 3, 2020, General Election",23,Mendocino,1.9E+11,Proposition 15,"Property Tax to Fund Schools, Government Services","22,194","20,333"
11/3/2020,"November 3, 2020, General Election",23,Mendocino,1.9E+11,Proposition 16,Affirmative Action in Government Decisions,"18,134","23,569"
11/3/2020,"November 3, 2020, General Election",23,Mendocino,1.9E+11,Proposition 17,Restores Right to Vote After Prison Term,"26,812","15,643"
11/3/2020,"November 3, 2020, General Election",23,Mendocino,1.9E+11,Proposition 18,17-year-old Primary Voting Rights,"20,084","22,436"
11/3/2020,"November 3, 2020, General Election",23,Mendocino,1.9E+11,Proposition 19,Changes Certain Property Tax Rules,"23,026","18,414"
11/3/2020,"November 3, 2020, General Election",23,Mendocino,1.9E+11,Proposition 20,Parole Restrictions for Certain Offenses,"12,707","28,447"
11/3/2020,"November 3, 2020, General Election",23,Mendocino,1.9E+11,Proposition 21,Expands Governmentsâ€™ Authority to Rent Control,"18,165","23,351"
11/3/2020,"November 3, 2020, General Election",23,Mendocino,1.9E+11,Proposition 22,App-Based Drivers and Employee Benefits,"19,623","22,049"
11/3/2020,"November 3, 2020, General Election",23,Mendocino,1.9E+11,Proposition 23,State Requirements for Kidney Dialysis Clinics,"15,639","26,063"
11/3/2020,"November 3, 2020, General Election",23,Mendocino,1.9E+11,Proposition 24,Amends Consumer Privacy Laws,"23,158","18,012"
11/3/2020,"November 3, 2020, General Election",23,Mendocino,1.9E+11,Proposition 25,Eliminates Money Bail System,"21,682","19,613"
11/3/2020,"November 3, 2020, General Election",24,Merced,1.9E+11,Proposition 14,Bonds to Continue Stem Cell Research,"43,101","44,990"
11/3/2020,"November 3, 2020, General Election",24,Merced,1.9E+11,Proposition 15,"Property Tax to Fund Schools, Government Services","35,179","53,746"
11/3/2020,"November 3, 2020, General Election",24,Merced,1.9E+11,Proposition 16,Affirmative Action in Government Decisions,"28,915","59,267"
11/3/2020,"November 3, 2020, General Election",24,Merced,1.9E+11,Proposition 17,Restores Right to Vote After Prison Term,"43,267","45,405"
11/3/2020,"November 3, 2020, General Election",24,Merced,1.9E+11,Proposition 18,17-year-old Primary Voting Rights,"29,711","59,212"
11/3/2020,"November 3, 2020, General Election",24,Merced,1.9E+11,Proposition 19,Changes Certain Property Tax Rules,"42,909","44,773"
11/3/2020,"November 3, 2020, General Election",24,Merced,1.9E+11,Proposition 20,Parole Restrictions for Certain Offenses,"39,608","47,427"
11/3/2020,"November 3, 2020, General Election",24,Merced,1.9E+11,Proposition 21,Expands Governmentsâ€™ Authority to Rent Control,"28,049","59,301"
11/3/2020,"November 3, 2020, General Election",24,Merced,1.9E+11,Proposition 22,App-Based Drivers and Employee Benefits,"54,703","32,995"
11/3/2020,"November 3, 2020, General Election",24,Merced,1.9E+11,Proposition 23,State Requirements for Kidney Dialysis Clinics,"28,917","58,743"
11/3/2020,"November 3, 2020, General Election",24,Merced,1.9E+11,Proposition 24,Amends Consumer Privacy Laws,"47,012","39,248"
11/3/2020,"November 3, 2020, General Election",24,Merced,1.9E+11,Proposition 25,Eliminates Money Bail System,"28,990","57,531"
11/3/2020,"November 3, 2020, General Election",25,Modoc,1.9E+11,Proposition 14,Bonds to Continue Stem Cell Research,"1,110","3,122"
11/3/2020,"November 3, 2020, General Election",25,Modoc,1.9E+11,Proposition 15,"Property Tax to Fund Schools, Government Services",968,"3,315"
11/3/2020,"November 3, 2020, General Election",25,Modoc,1.9E+11,Proposition 16,Affirmative Action in Government Decisions,650,"3,599"
11/3/2020,"November 3, 2020, General Election",25,Modoc,1.9E+11,Proposition 17,Restores Right to Vote After Prison Term,"1,285","3,014"
11/3/2020,"November 3, 2020, General Election",25,Modoc,1.9E+11,Proposition 18,17-year-old Primary Voting Rights,752,"3,552"
11/3/2020,"November 3, 2020, General Election",25,Modoc,1.9E+11,Proposition 19,Changes Certain Property Tax Rules,"1,397","2,790"
11/3/2020,"November 3, 2020, General Election",25,Modoc,1.9E+11,Proposition 20,Parole Restrictions for Certain Offenses,"2,233","1,994"
11/3/2020,"November 3, 2020, General Election",25,Modoc,1.9E+11,Proposition 21,Expands Governmentsâ€™ Authority to Rent Control,763,"3,489"
11/3/2020,"November 3, 2020, General Election",25,Modoc,1.9E+11,Proposition 22,App-Based Drivers and Employee Benefits,"2,854","1,376"
11/3/2020,"November 3, 2020, General Election",25,Modoc,1.9E+11,Proposition 23,State Requirements for Kidney Dialysis Clinics,879,"3,366"
11/3/2020,"November 3, 2020, General Election",25,Modoc,1.9E+11,Proposition 24,Amends Consumer Privacy Laws,"1,504","2,708"
11/3/2020,"November 3, 2020, General Election",25,Modoc,1.9E+11,Proposition 25,Eliminates Money Bail System,945,"3,267"
11/3/2020,"November 3, 2020, General Election",26,Mono,1.9E+11,Proposition 14,Bonds to Continue Stem Cell Research,"3,040","3,392"
11/3/2020,"November 3, 2020, General Election",26,Mono,1.9E+11,Proposition 15,"Property Tax to Fund Schools, Government Services","3,003","3,544"
11/3/2020,"November 3, 2020, General Election",26,Mono,1.9E+11,Proposition 16,Affirmative Action in Government Decisions,"2,123","4,272"
11/3/2020,"November 3, 2020, General Election",26,Mono,1.9E+11,Proposition 17,Restores Right to Vote After Prison Term,"3,539","2,972"
11/3/2020,"November 3, 2020, General Election",26,Mono,1.9E+11,Proposition 18,17-year-old Primary Voting Rights,"2,523","4,025"
11/3/2020,"November 3, 2020, General Election",26,Mono,1.9E+11,Proposition 19,Changes Certain Property Tax Rules,"2,985","3,390"
11/3/2020,"November 3, 2020, General Election",26,Mono,1.9E+11,Proposition 20,Parole Restrictions for Certain Offenses,"2,259","4,028"
11/3/2020,"November 3, 2020, General Election",26,Mono,1.9E+11,Proposition 21,Expands Governmentsâ€™ Authority to Rent Control,"2,184","4,185"
11/3/2020,"November 3, 2020, General Election",26,Mono,1.9E+11,Proposition 22,App-Based Drivers and Employee Benefits,"3,487","2,923"
11/3/2020,"November 3, 2020, General Election",26,Mono,1.9E+11,Proposition 23,State Requirements for Kidney Dialysis Clinics,"2,150","4,194"
11/3/2020,"November 3, 2020, General Election",26,Mono,1.9E+11,Proposition 24,Amends Consumer Privacy Laws,"3,225","3,112"
11/3/2020,"November 3, 2020, General Election",26,Mono,1.9E+11,Proposition 25,Eliminates Money Bail System,"2,606","3,682"
11/3/2020,"November 3, 2020, General Election",27,Monterey,1.9E+11,Proposition 14,Bonds to Continue Stem Cell Research,"89,200","69,443"
11/3/2020,"November 3, 2020, General Election",27,Monterey,1.9E+11,Proposition 15,"Property Tax to Fund Schools, Government Services","82,308","78,062"
11/3/2020,"November 3, 2020, General Election",27,Monterey,1.9E+11,Proposition 16,Affirmative Action in Government Decisions,"71,076","87,662"
11/3/2020,"November 3, 2020, General Election",27,Monterey,1.9E+11,Proposition 17,Restores Right to Vote After Prison Term,"100,380","59,811"
11/3/2020,"November 3, 2020, General Election",27,Monterey,1.9E+11,Proposition 18,17-year-old Primary Voting Rights,"73,857","87,378"
11/3/2020,"November 3, 2020, General Election",27,Monterey,1.9E+11,Proposition 19,Changes Certain Property Tax Rules,"90,276","67,849"
11/3/2020,"November 3, 2020, General Election",27,Monterey,1.9E+11,Proposition 20,Parole Restrictions for Certain Offenses,"52,635","104,923"
11/3/2020,"November 3, 2020, General Election",27,Monterey,1.9E+11,Proposition 21,Expands Governmentsâ€™ Authority to Rent Control,"67,837","91,095"
11/3/2020,"November 3, 2020, General Election",27,Monterey,1.9E+11,Proposition 22,App-Based Drivers and Employee Benefits,"88,353","71,219"
11/3/2020,"November 3, 2020, General Election",27,Monterey,1.9E+11,Proposition 23,State Requirements for Kidney Dialysis Clinics,"66,354","92,908"
11/3/2020,"November 3, 2020, General Election",27,Monterey,1.9E+11,Proposition 24,Amends Consumer Privacy Laws,"96,288","58,609"
11/3/2020,"November 3, 2020, General Election",27,Monterey,1.9E+11,Proposition 25,Eliminates Money Bail System,"73,777","80,421"
11/3/2020,"November 3, 2020, General Election",28,Napa,1.9E+11,Proposition 14,Bonds to Continue Stem Cell Research,"37,055","32,815"
11/3/2020,"November 3, 2020, General Election",28,Napa,1.9E+11,Proposition 15,"Property Tax to Fund Schools, Government Services","34,870","36,059"
11/3/2020,"November 3, 2020, General Election",28,Napa,1.9E+11,Proposition 16,Affirmative Action in Government Decisions,"30,134","39,768"
11/3/2020,"November 3, 2020, General Election",28,Napa,1.9E+11,Proposition 17,Restores Right to Vote After Prison Term,"42,958","27,862"
11/3/2020,"November 3, 2020, General Election",28,Napa,1.9E+11,Proposition 18,17-year-old Primary Voting Rights,"32,196","38,797"
11/3/2020,"November 3, 2020, General Election",28,Napa,1.9E+11,Proposition 19,Changes Certain Property Tax Rules,"38,234","31,338"
11/3/2020,"November 3, 2020, General Election",28,Napa,1.9E+11,Proposition 20,Parole Restrictions for Certain Offenses,"25,106","43,529"
11/3/2020,"November 3, 2020, General Election",28,Napa,1.9E+11,Proposition 21,Expands Governmentsâ€™ Authority to Rent Control,"26,486","42,949"
11/3/2020,"November 3, 2020, General Election",28,Napa,1.9E+11,Proposition 22,App-Based Drivers and Employee Benefits,"39,585","30,517"
11/3/2020,"November 3, 2020, General Election",28,Napa,1.9E+11,Proposition 23,State Requirements for Kidney Dialysis Clinics,"22,804","46,961"
11/3/2020,"November 3, 2020, General Election",28,Napa,1.9E+11,Proposition 24,Amends Consumer Privacy Laws,"38,407","30,759"
11/3/2020,"November 3, 2020, General Election",28,Napa,1.9E+11,Proposition 25,Eliminates Money Bail System,"33,270","35,251"
11/3/2020,"November 3, 2020, General Election",29,Nevada,1.9E+11,Proposition 14,Bonds to Continue Stem Cell Research,"27,437","35,067"
11/3/2020,"November 3, 2020, General Election",29,Nevada,1.9E+11,Proposition 15,"Property Tax to Fund Schools, Government Services","26,420","37,223"
11/3/2020,"November 3, 2020, General Election",29,Nevada,1.9E+11,Proposition 16,Affirmative Action in Government Decisions,"21,775","40,861"
11/3/2020,"November 3, 2020, General Election",29,Nevada,1.9E+11,Proposition 17,Restores Right to Vote After Prison Term,"33,660","30,025"
11/3/2020,"November 3, 2020, General Election",29,Nevada,1.9E+11,Proposition 18,17-year-old Primary Voting Rights,"24,304","39,660"
11/3/2020,"November 3, 2020, General Election",29,Nevada,1.9E+11,Proposition 19,Changes Certain Property Tax Rules,"29,093","33,246"
11/3/2020,"November 3, 2020, General Election",29,Nevada,1.9E+11,Proposition 20,Parole Restrictions for Certain Offenses,"24,419","37,554"
11/3/2020,"November 3, 2020, General Election",29,Nevada,1.9E+11,Proposition 21,Expands Governmentsâ€™ Authority to Rent Control,"19,399","43,103"
11/3/2020,"November 3, 2020, General Election",29,Nevada,1.9E+11,Proposition 22,App-Based Drivers and Employee Benefits,"37,767","24,917"
11/3/2020,"November 3, 2020, General Election",29,Nevada,1.9E+11,Proposition 23,State Requirements for Kidney Dialysis Clinics,"17,155","45,142"
11/3/2020,"November 3, 2020, General Election",29,Nevada,1.9E+11,Proposition 24,Amends Consumer Privacy Laws,"28,627","33,670"
11/3/2020,"November 3, 2020, General Election",29,Nevada,1.9E+11,Proposition 25,Eliminates Money Bail System,"26,218","35,728"
11/3/2020,"November 3, 2020, General Election",30,Orange,1.9E+11,Proposition 14,Bonds to Continue Stem Cell Research,"677,182","795,327"
11/3/2020,"November 3, 2020, General Election",30,Orange,1.9E+11,Proposition 15,"Property Tax to Fund Schools, Government Services","590,076","904,209"
11/3/2020,"November 3, 2020, General Election",30,Orange,1.9E+11,Proposition 16,Affirmative Action in Government Decisions,"511,320","964,110"
11/3/2020,"November 3, 2020, General Election",30,Orange,1.9E+11,Proposition 17,Restores Right to Vote After Prison Term,"740,077","746,652"
11/3/2020,"November 3, 2020, General Election",30,Orange,1.9E+11,Proposition 18,17-year-old Primary Voting Rights,"531,850","957,192"
11/3/2020,"November 3, 2020, General Election",30,Orange,1.9E+11,Proposition 19,Changes Certain Property Tax Rules,"681,928","779,400"
11/3/2020,"November 3, 2020, General Election",30,Orange,1.9E+11,Proposition 20,Parole Restrictions for Certain Offenses,"614,584","845,282"
11/3/2020,"November 3, 2020, General Election",30,Orange,1.9E+11,Proposition 21,Expands Governmentsâ€™ Authority to Rent Control,"501,462","973,783"
11/3/2020,"November 3, 2020, General Election",30,Orange,1.9E+11,Proposition 22,App-Based Drivers and Employee Benefits,"980,065","506,631"
11/3/2020,"November 3, 2020, General Election",30,Orange,1.9E+11,Proposition 23,State Requirements for Kidney Dialysis Clinics,"486,724","984,586"
11/3/2020,"November 3, 2020, General Election",30,Orange,1.9E+11,Proposition 24,Amends Consumer Privacy Laws,"791,668","674,063"
11/3/2020,"November 3, 2020, General Election",30,Orange,1.9E+11,Proposition 25,Eliminates Money Bail System,"571,814","886,844"
11/3/2020,"November 3, 2020, General Election",31,Placer,1.9E+11,Proposition 14,Bonds to Continue Stem Cell Research,"91,367","136,338"
11/3/2020,"November 3, 2020, General Election",31,Placer,1.9E+11,Proposition 15,"Property Tax to Fund Schools, Government Services","76,426","154,594"
11/3/2020,"November 3, 2020, General Election",31,Placer,1.9E+11,Proposition 16,Affirmative Action in Government Decisions,"60,772","167,632"
11/3/2020,"November 3, 2020, General Election",31,Placer,1.9E+11,Proposition 17,Restores Right to Vote After Prison Term,"96,134","134,526"
11/3/2020,"November 3, 2020, General Election",31,Placer,1.9E+11,Proposition 18,17-year-old Primary Voting Rights,"66,597","165,191"
11/3/2020,"November 3, 2020, General Election",31,Placer,1.9E+11,Proposition 19,Changes Certain Property Tax Rules,"103,211","122,937"
11/3/2020,"November 3, 2020, General Election",31,Placer,1.9E+11,Proposition 20,Parole Restrictions for Certain Offenses,"103,120","121,661"
11/3/2020,"November 3, 2020, General Election",31,Placer,1.9E+11,Proposition 21,Expands Governmentsâ€™ Authority to Rent Control,"58,269","168,911"
11/3/2020,"November 3, 2020, General Election",31,Placer,1.9E+11,Proposition 22,App-Based Drivers and Employee Benefits,"158,813","70,256"
11/3/2020,"November 3, 2020, General Election",31,Placer,1.9E+11,Proposition 23,State Requirements for Kidney Dialysis Clinics,"56,847","170,430"
11/3/2020,"November 3, 2020, General Election",31,Placer,1.9E+11,Proposition 24,Amends Consumer Privacy Laws,"107,471","117,568"
11/3/2020,"November 3, 2020, General Election",31,Placer,1.9E+11,Proposition 25,Eliminates Money Bail System,"74,832","149,185"
11/3/2020,"November 3, 2020, General Election",32,Plumas,1.9E+11,Proposition 14,Bonds to Continue Stem Cell Research,"3,798","7,181"
11/3/2020,"November 3, 2020, General Election",32,Plumas,1.9E+11,Proposition 15,"Property Tax to Fund Schools, Government Services","3,511","7,597"
11/3/2020,"November 3, 2020, General Election",32,Plumas,1.9E+11,Proposition 16,Affirmative Action in Government Decisions,"2,394","8,542"
11/3/2020,"November 3, 2020, General Election",32,Plumas,1.9E+11,Proposition 17,Restores Right to Vote After Prison Term,"4,485","6,598"
11/3/2020,"November 3, 2020, General Election",32,Plumas,1.9E+11,Proposition 18,17-year-old Primary Voting Rights,"2,788","8,343"
11/3/2020,"November 3, 2020, General Election",32,Plumas,1.9E+11,Proposition 19,Changes Certain Property Tax Rules,"4,687","6,217"
11/3/2020,"November 3, 2020, General Election",32,Plumas,1.9E+11,Proposition 20,Parole Restrictions for Certain Offenses,"4,669","6,183"
11/3/2020,"November 3, 2020, General Election",32,Plumas,1.9E+11,Proposition 21,Expands Governmentsâ€™ Authority to Rent Control,"2,605","8,357"
11/3/2020,"November 3, 2020, General Election",32,Plumas,1.9E+11,Proposition 22,App-Based Drivers and Employee Benefits,"6,938","3,999"
11/3/2020,"November 3, 2020, General Election",32,Plumas,1.9E+11,Proposition 23,State Requirements for Kidney Dialysis Clinics,"2,715","8,255"
11/3/2020,"November 3, 2020, General Election",32,Plumas,1.9E+11,Proposition 24,Amends Consumer Privacy Laws,"4,755","6,147"
11/3/2020,"November 3, 2020, General Election",32,Plumas,1.9E+11,Proposition 25,Eliminates Money Bail System,"3,587","7,334"
11/3/2020,"November 3, 2020, General Election",33,Riverside,1.9E+11,Proposition 14,Bonds to Continue Stem Cell Research,"471,525","497,840"
11/3/2020,"November 3, 2020, General Election",33,Riverside,1.9E+11,Proposition 15,"Property Tax to Fund Schools, Government Services","393,695","582,374"
11/3/2020,"November 3, 2020, General Election",33,Riverside,1.9E+11,Proposition 16,Affirmative Action in Government Decisions,"337,728","629,656"
11/3/2020,"November 3, 2020, General Election",33,Riverside,1.9E+11,Proposition 17,Restores Right to Vote After Prison Term,"488,433","485,842"
11/3/2020,"November 3, 2020, General Election",33,Riverside,1.9E+11,Proposition 18,17-year-old Primary Voting Rights,"355,951","620,407"
11/3/2020,"November 3, 2020, General Election",33,Riverside,1.9E+11,Proposition 19,Changes Certain Property Tax Rules,"477,039","487,538"
11/3/2020,"November 3, 2020, General Election",33,Riverside,1.9E+11,Proposition 20,Parole Restrictions for Certain Offenses,"430,366","534,573"
11/3/2020,"November 3, 2020, General Election",33,Riverside,1.9E+11,Proposition 21,Expands Governmentsâ€™ Authority to Rent Control,"329,328","642,659"
11/3/2020,"November 3, 2020, General Election",33,Riverside,1.9E+11,Proposition 22,App-Based Drivers and Employee Benefits,"638,991","337,750"
11/3/2020,"November 3, 2020, General Election",33,Riverside,1.9E+11,Proposition 23,State Requirements for Kidney Dialysis Clinics,"317,736","656,729"
11/3/2020,"November 3, 2020, General Election",33,Riverside,1.9E+11,Proposition 24,Amends Consumer Privacy Laws,"528,633","435,355"
11/3/2020,"November 3, 2020, General Election",33,Riverside,1.9E+11,Proposition 25,Eliminates Money Bail System,"356,301","600,695"
11/3/2020,"November 3, 2020, General Election",34,Sacramento,1.9E+11,Proposition 14,Bonds to Continue Stem Cell Research,"357,891","336,372"
11/3/2020,"November 3, 2020, General Election",34,Sacramento,1.9E+11,Proposition 15,"Property Tax to Fund Schools, Government Services","322,617","379,937"
11/3/2020,"November 3, 2020, General Election",34,Sacramento,1.9E+11,Proposition 16,Affirmative Action in Government Decisions,"275,368","419,956"
11/3/2020,"November 3, 2020, General Election",34,Sacramento,1.9E+11,Proposition 17,Restores Right to Vote After Prison Term,"401,449","304,293"
11/3/2020,"November 3, 2020, General Election",34,Sacramento,1.9E+11,Proposition 18,17-year-old Primary Voting Rights,"293,649","411,688"
11/3/2020,"November 3, 2020, General Election",34,Sacramento,1.9E+11,Proposition 19,Changes Certain Property Tax Rules,"357,698","332,953"
11/3/2020,"November 3, 2020, General Election",34,Sacramento,1.9E+11,Proposition 20,Parole Restrictions for Certain Offenses,"277,048","412,466"
11/3/2020,"November 3, 2020, General Election",34,Sacramento,1.9E+11,Proposition 21,Expands Governmentsâ€™ Authority to Rent Control,"255,107","441,762"
11/3/2020,"November 3, 2020, General Election",34,Sacramento,1.9E+11,Proposition 22,App-Based Drivers and Employee Benefits,"439,873","261,884"
11/3/2020,"November 3, 2020, General Election",34,Sacramento,1.9E+11,Proposition 23,State Requirements for Kidney Dialysis Clinics,"231,961","458,751"
11/3/2020,"November 3, 2020, General Election",34,Sacramento,1.9E+11,Proposition 24,Amends Consumer Privacy Laws,"379,099","305,208"
11/3/2020,"November 3, 2020, General Election",34,Sacramento,1.9E+11,Proposition 25,Eliminates Money Bail System,"292,806","389,353"
11/3/2020,"November 3, 2020, General Election",35,San Benito,1.9E+11,Proposition 14,Bonds to Continue Stem Cell Research,"14,470","13,735"
11/3/2020,"November 3, 2020, General Election",35,San Benito,1.9E+11,Proposition 15,"Property Tax to Fund Schools, Government Services","12,196","16,296"
11/3/2020,"November 3, 2020, General Election",35,San Benito,1.9E+11,Proposition 16,Affirmative Action in Government Decisions,"10,470","17,634"
11/3/2020,"November 3, 2020, General Election",35,San Benito,1.9E+11,Proposition 17,Restores Right to Vote After Prison Term,"15,340","13,065"
11/3/2020,"November 3, 2020, General Election",35,San Benito,1.9E+11,Proposition 18,17-year-old Primary Voting Rights,"10,877","17,631"
11/3/2020,"November 3, 2020, General Election",35,San Benito,1.9E+11,Proposition 19,Changes Certain Property Tax Rules,"15,362","12,896"
11/3/2020,"November 3, 2020, General Election",35,San Benito,1.9E+11,Proposition 20,Parole Restrictions for Certain Offenses,"10,876","17,114"
11/3/2020,"November 3, 2020, General Election",35,San Benito,1.9E+11,Proposition 21,Expands Governmentsâ€™ Authority to Rent Control,"10,534","17,684"
11/3/2020,"November 3, 2020, General Election",35,San Benito,1.9E+11,Proposition 22,App-Based Drivers and Employee Benefits,"15,994","12,300"
11/3/2020,"November 3, 2020, General Election",35,San Benito,1.9E+11,Proposition 23,State Requirements for Kidney Dialysis Clinics,"10,570","17,751"
11/3/2020,"November 3, 2020, General Election",35,San Benito,1.9E+11,Proposition 24,Amends Consumer Privacy Laws,"16,559","11,315"
11/3/2020,"November 3, 2020, General Election",35,San Benito,1.9E+11,Proposition 25,Eliminates Money Bail System,"10,603","17,160"
11/3/2020,"November 3, 2020, General Election",36,San Bernardino,1.9E+11,Proposition 14,Bonds to Continue Stem Cell Research,"395,626","416,060"
11/3/2020,"November 3, 2020, General Election",36,San Bernardino,1.9E+11,Proposition 15,"Property Tax to Fund Schools, Government Services","337,450","485,332"
11/3/2020,"November 3, 2020, General Election",36,San Bernardino,1.9E+11,Proposition 16,Affirmative Action in Government Decisions,"293,569","521,692"
11/3/2020,"November 3, 2020, General Election",36,San Bernardino,1.9E+11,Proposition 17,Restores Right to Vote After Prison Term,"427,954","393,824"
11/3/2020,"November 3, 2020, General Election",36,San Bernardino,1.9E+11,Proposition 18,17-year-old Primary Voting Rights,"305,955","520,956"
11/3/2020,"November 3, 2020, General Election",36,San Bernardino,1.9E+11,Proposition 19,Changes Certain Property Tax Rules,"408,717","402,827"
11/3/2020,"November 3, 2020, General Election",36,San Bernardino,1.9E+11,Proposition 20,Parole Restrictions for Certain Offenses,"349,895","462,505"
11/3/2020,"November 3, 2020, General Election",36,San Bernardino,1.9E+11,Proposition 21,Expands Governmentsâ€™ Authority to Rent Control,"286,666","530,468"
11/3/2020,"November 3, 2020, General Election",36,San Bernardino,1.9E+11,Proposition 22,App-Based Drivers and Employee Benefits,"524,123","298,307"
11/3/2020,"November 3, 2020, General Election",36,San Bernardino,1.9E+11,Proposition 23,State Requirements for Kidney Dialysis Clinics,"276,506","544,596"
11/3/2020,"November 3, 2020, General Election",36,San Bernardino,1.9E+11,Proposition 24,Amends Consumer Privacy Laws,"466,582","339,216"
11/3/2020,"November 3, 2020, General Election",36,San Bernardino,1.9E+11,Proposition 25,Eliminates Money Bail System,"302,240","497,549"
11/3/2020,"November 3, 2020, General Election",37,San Diego,1.9E+11,Proposition 14,Bonds to Continue Stem Cell Research,"814,240","734,020"
11/3/2020,"November 3, 2020, General Election",37,San Diego,1.9E+11,Proposition 15,"Property Tax to Fund Schools, Government Services","692,690","879,610"
11/3/2020,"November 3, 2020, General Election",37,San Diego,1.9E+11,Proposition 16,Affirmative Action in Government Decisions,"618,452","930,157"
11/3/2020,"November 3, 2020, General Election",37,San Diego,1.9E+11,Proposition 17,Restores Right to Vote After Prison Term,"895,460","670,208"
11/3/2020,"November 3, 2020, General Election",37,San Diego,1.9E+11,Proposition 18,17-year-old Primary Voting Rights,"653,748","918,822"
11/3/2020,"November 3, 2020, General Election",37,San Diego,1.9E+11,Proposition 19,Changes Certain Property Tax Rules,"812,945","717,227"
11/3/2020,"November 3, 2020, General Election",37,San Diego,1.9E+11,Proposition 20,Parole Restrictions for Certain Offenses,"576,929","943,854"
11/3/2020,"November 3, 2020, General Election",37,San Diego,1.9E+11,Proposition 21,Expands Governmentsâ€™ Authority to Rent Control,"583,099","957,116"
11/3/2020,"November 3, 2020, General Election",37,San Diego,1.9E+11,Proposition 22,App-Based Drivers and Employee Benefits,"999,263","557,394"
11/3/2020,"November 3, 2020, General Election",37,San Diego,1.9E+11,Proposition 23,State Requirements for Kidney Dialysis Clinics,"557,301","980,341"
11/3/2020,"November 3, 2020, General Election",37,San Diego,1.9E+11,Proposition 24,Amends Consumer Privacy Laws,"871,707","650,103"
11/3/2020,"November 3, 2020, General Election",37,San Diego,1.9E+11,Proposition 25,Eliminates Money Bail System,"645,574","869,768"
11/3/2020,"November 3, 2020, General Election",38,San Francisco,1.9E+11,Proposition 14,Bonds to Continue Stem Cell Research,"235,865","188,656"
11/3/2020,"November 3, 2020, General Election",38,San Francisco,1.9E+11,Proposition 15,"Property Tax to Fund Schools, Government Services","306,863","125,923"
11/3/2020,"November 3, 2020, General Election",38,San Francisco,1.9E+11,Proposition 16,Affirmative Action in Government Decisions,"272,046","154,186"
11/3/2020,"November 3, 2020, General Election",38,San Francisco,1.9E+11,Proposition 17,Restores Right to Vote After Prison Term,"337,852","94,835"
11/3/2020,"November 3, 2020, General Election",38,San Francisco,1.9E+11,Proposition 18,17-year-old Primary Voting Rights,"278,053","154,670"
11/3/2020,"November 3, 2020, General Election",38,San Francisco,1.9E+11,Proposition 19,Changes Certain Property Tax Rules,"252,837","167,256"
11/3/2020,"November 3, 2020, General Election",38,San Francisco,1.9E+11,Proposition 20,Parole Restrictions for Certain Offenses,"118,463","301,343"
11/3/2020,"November 3, 2020, General Election",38,San Francisco,1.9E+11,Proposition 21,Expands Governmentsâ€™ Authority to Rent Control,"219,533","204,414"
11/3/2020,"November 3, 2020, General Election",38,San Francisco,1.9E+11,Proposition 22,App-Based Drivers and Employee Benefits,"172,855","254,022"
11/3/2020,"November 3, 2020, General Election",38,San Francisco,1.9E+11,Proposition 23,State Requirements for Kidney Dialysis Clinics,"194,596","222,161"
11/3/2020,"November 3, 2020, General Election",38,San Francisco,1.9E+11,Proposition 24,Amends Consumer Privacy Laws,"204,235","212,007"
11/3/2020,"November 3, 2020, General Election",38,San Francisco,1.9E+11,Proposition 25,Eliminates Money Bail System,"233,539","181,560"
11/3/2020,"November 3, 2020, General Election",39,San Joaquin,1.9E+11,Proposition 14,Bonds to Continue Stem Cell Research,"135,856","143,030"
11/3/2020,"November 3, 2020, General Election",39,San Joaquin,1.9E+11,Proposition 15,"Property Tax to Fund Schools, Government Services","115,034","168,660"
11/3/2020,"November 3, 2020, General Election",39,San Joaquin,1.9E+11,Proposition 16,Affirmative Action in Government Decisions,"99,162","180,915"
11/3/2020,"November 3, 2020, General Election",39,San Joaquin,1.9E+11,Proposition 17,Restores Right to Vote After Prison Term,"144,278","138,339"
11/3/2020,"November 3, 2020, General Election",39,San Joaquin,1.9E+11,Proposition 18,17-year-old Primary Voting Rights,"99,600","184,031"
11/3/2020,"November 3, 2020, General Election",39,San Joaquin,1.9E+11,Proposition 19,Changes Certain Property Tax Rules,"143,622","134,641"
11/3/2020,"November 3, 2020, General Election",39,San Joaquin,1.9E+11,Proposition 20,Parole Restrictions for Certain Offenses,"111,840","166,687"
11/3/2020,"November 3, 2020, General Election",39,San Joaquin,1.9E+11,Proposition 21,Expands Governmentsâ€™ Authority to Rent Control,"97,535","182,966"
11/3/2020,"November 3, 2020, General Election",39,San Joaquin,1.9E+11,Proposition 22,App-Based Drivers and Employee Benefits,"177,183","105,262"
11/3/2020,"November 3, 2020, General Election",39,San Joaquin,1.9E+11,Proposition 23,State Requirements for Kidney Dialysis Clinics,"93,808","188,410"
11/3/2020,"November 3, 2020, General Election",39,San Joaquin,1.9E+11,Proposition 24,Amends Consumer Privacy Laws,"161,444","117,496"
11/3/2020,"November 3, 2020, General Election",39,San Joaquin,1.9E+11,Proposition 25,Eliminates Money Bail System,"106,919","170,638"
11/3/2020,"November 3, 2020, General Election",40,San Luis Obispo,1.9E+11,Proposition 14,Bonds to Continue Stem Cell Research,"67,442","86,448"
11/3/2020,"November 3, 2020, General Election",40,San Luis Obispo,1.9E+11,Proposition 15,"Property Tax to Fund Schools, Government Services","60,557","96,544"
11/3/2020,"November 3, 2020, General Election",40,San Luis Obispo,1.9E+11,Proposition 16,Affirmative Action in Government Decisions,"50,474","103,817"
11/3/2020,"November 3, 2020, General Election",40,San Luis Obispo,1.9E+11,Proposition 17,Restores Right to Vote After Prison Term,"78,559","78,176"
11/3/2020,"November 3, 2020, General Election",40,San Luis Obispo,1.9E+11,Proposition 18,17-year-old Primary Voting Rights,"56,690","100,756"
11/3/2020,"November 3, 2020, General Election",40,San Luis Obispo,1.9E+11,Proposition 19,Changes Certain Property Tax Rules,"66,770","85,857"
11/3/2020,"November 3, 2020, General Election",40,San Luis Obispo,1.9E+11,Proposition 20,Parole Restrictions for Certain Offenses,"62,945","88,622"
11/3/2020,"November 3, 2020, General Election",40,San Luis Obispo,1.9E+11,Proposition 21,Expands Governmentsâ€™ Authority to Rent Control,"49,683","103,347"
11/3/2020,"November 3, 2020, General Election",40,San Luis Obispo,1.9E+11,Proposition 22,App-Based Drivers and Employee Benefits,"96,697","57,417"
11/3/2020,"November 3, 2020, General Election",40,San Luis Obispo,1.9E+11,Proposition 23,State Requirements for Kidney Dialysis Clinics,"45,240","107,798"
11/3/2020,"November 3, 2020, General Election",40,San Luis Obispo,1.9E+11,Proposition 24,Amends Consumer Privacy Laws,"71,557","80,330"
11/3/2020,"November 3, 2020, General Election",40,San Luis Obispo,1.9E+11,Proposition 25,Eliminates Money Bail System,"58,785","92,122"
11/3/2020,"November 3, 2020, General Election",41,San Mateo,1.9E+11,Proposition 14,Bonds to Continue Stem Cell Research,"207,225","147,817"
11/3/2020,"November 3, 2020, General Election",41,San Mateo,1.9E+11,Proposition 15,"Property Tax to Fund Schools, Government Services","212,912","150,113"
11/3/2020,"November 3, 2020, General Election",41,San Mateo,1.9E+11,Proposition 16,Affirmative Action in Government Decisions,"183,422","173,295"
11/3/2020,"November 3, 2020, General Election",41,San Mateo,1.9E+11,Proposition 17,Restores Right to Vote After Prison Term,"242,906","117,946"
11/3/2020,"November 3, 2020, General Election",41,San Mateo,1.9E+11,Proposition 18,17-year-old Primary Voting Rights,"188,956","173,792"
11/3/2020,"November 3, 2020, General Election",41,San Mateo,1.9E+11,Proposition 19,Changes Certain Property Tax Rules,"200,272","154,128"
11/3/2020,"November 3, 2020, General Election",41,San Mateo,1.9E+11,Proposition 20,Parole Restrictions for Certain Offenses,"114,132","236,287"
11/3/2020,"November 3, 2020, General Election",41,San Mateo,1.9E+11,Proposition 21,Expands Governmentsâ€™ Authority to Rent Control,"151,574","204,791"
11/3/2020,"November 3, 2020, General Election",41,San Mateo,1.9E+11,Proposition 22,App-Based Drivers and Employee Benefits,"179,339","181,509"
11/3/2020,"November 3, 2020, General Election",41,San Mateo,1.9E+11,Proposition 23,State Requirements for Kidney Dialysis Clinics,"135,581","220,379"
11/3/2020,"November 3, 2020, General Election",41,San Mateo,1.9E+11,Proposition 24,Amends Consumer Privacy Laws,"208,674","145,030"
11/3/2020,"November 3, 2020, General Election",41,San Mateo,1.9E+11,Proposition 25,Eliminates Money Bail System,"191,586","158,470"
11/3/2020,"November 3, 2020, General Election",42,Santa Barbara,1.9E+11,Proposition 14,Bonds to Continue Stem Cell Research,"91,878","102,051"
11/3/2020,"November 3, 2020, General Election",42,Santa Barbara,1.9E+11,Proposition 15,"Property Tax to Fund Schools, Government Services","94,074","103,012"
11/3/2020,"November 3, 2020, General Election",42,Santa Barbara,1.9E+11,Proposition 16,Affirmative Action in Government Decisions,"82,890","111,168"
11/3/2020,"November 3, 2020, General Election",42,Santa Barbara,1.9E+11,Proposition 17,Restores Right to Vote After Prison Term,"116,889","80,015"
11/3/2020,"November 3, 2020, General Election",42,Santa Barbara,1.9E+11,Proposition 18,17-year-old Primary Voting Rights,"88,240","108,920"
11/3/2020,"November 3, 2020, General Election",42,Santa Barbara,1.9E+11,Proposition 19,Changes Certain Property Tax Rules,"88,662","103,336"
11/3/2020,"November 3, 2020, General Election",42,Santa Barbara,1.9E+11,Proposition 20,Parole Restrictions for Certain Offenses,"68,464","123,368"
11/3/2020,"November 3, 2020, General Election",42,Santa Barbara,1.9E+11,Proposition 21,Expands Governmentsâ€™ Authority to Rent Control,"72,508","121,214"
11/3/2020,"November 3, 2020, General Election",42,Santa Barbara,1.9E+11,Proposition 22,App-Based Drivers and Employee Benefits,"106,209","88,469"
11/3/2020,"November 3, 2020, General Election",42,Santa Barbara,1.9E+11,Proposition 23,State Requirements for Kidney Dialysis Clinics,"74,012","119,489"
11/3/2020,"November 3, 2020, General Election",42,Santa Barbara,1.9E+11,Proposition 24,Amends Consumer Privacy Laws,"110,588","82,254"
11/3/2020,"November 3, 2020, General Election",42,Santa Barbara,1.9E+11,Proposition 25,Eliminates Money Bail System,"89,290","101,639"
11/3/2020,"November 3, 2020, General Election",43,Santa Clara,1.9E+11,Proposition 14,Bonds to Continue Stem Cell Research,"455,169","357,516"
11/3/2020,"November 3, 2020, General Election",43,Santa Clara,1.9E+11,Proposition 15,"Property Tax to Fund Schools, Government Services","459,613","367,231"
11/3/2020,"November 3, 2020, General Election",43,Santa Clara,1.9E+11,Proposition 16,Affirmative Action in Government Decisions,"386,465","430,002"
11/3/2020,"November 3, 2020, General Election",43,Santa Clara,1.9E+11,Proposition 17,Restores Right to Vote After Prison Term,"531,219","292,760"
11/3/2020,"November 3, 2020, General Election",43,Santa Clara,1.9E+11,Proposition 18,17-year-old Primary Voting Rights,"397,144","427,521"
11/3/2020,"November 3, 2020, General Election",43,Santa Clara,1.9E+11,Proposition 19,Changes Certain Property Tax Rules,"448,213","357,674"
11/3/2020,"November 3, 2020, General Election",43,Santa Clara,1.9E+11,Proposition 20,Parole Restrictions for Certain Offenses,"292,832","512,943"
11/3/2020,"November 3, 2020, General Election",43,Santa Clara,1.9E+11,Proposition 21,Expands Governmentsâ€™ Authority to Rent Control,"350,065","463,985"
11/3/2020,"November 3, 2020, General Election",43,Santa Clara,1.9E+11,Proposition 22,App-Based Drivers and Employee Benefits,"437,271","385,247"
11/3/2020,"November 3, 2020, General Election",43,Santa Clara,1.9E+11,Proposition 23,State Requirements for Kidney Dialysis Clinics,"319,139","491,885"
11/3/2020,"November 3, 2020, General Election",43,Santa Clara,1.9E+11,Proposition 24,Amends Consumer Privacy Laws,"475,444","335,079"
11/3/2020,"November 3, 2020, General Election",43,Santa Clara,1.9E+11,Proposition 25,Eliminates Money Bail System,"422,364","380,969"
11/3/2020,"November 3, 2020, General Election",44,Santa Cruz,1.9E+11,Proposition 14,Bonds to Continue Stem Cell Research,"78,866","59,731"
11/3/2020,"November 3, 2020, General Election",44,Santa Cruz,1.9E+11,Proposition 15,"Property Tax to Fund Schools, Government Services","82,843","59,075"
11/3/2020,"November 3, 2020, General Election",44,Santa Cruz,1.9E+11,Proposition 16,Affirmative Action in Government Decisions,"71,363","67,954"
11/3/2020,"November 3, 2020, General Election",44,Santa Cruz,1.9E+11,Proposition 17,Restores Right to Vote After Prison Term,"101,956","40,095"
11/3/2020,"November 3, 2020, General Election",44,Santa Cruz,1.9E+11,Proposition 18,17-year-old Primary Voting Rights,"77,818","64,276"
11/3/2020,"November 3, 2020, General Election",44,Santa Cruz,1.9E+11,Proposition 19,Changes Certain Property Tax Rules,"76,736","61,553"
11/3/2020,"November 3, 2020, General Election",44,Santa Cruz,1.9E+11,Proposition 20,Parole Restrictions for Certain Offenses,"40,055","97,188"
11/3/2020,"November 3, 2020, General Election",44,Santa Cruz,1.9E+11,Proposition 21,Expands Governmentsâ€™ Authority to Rent Control,"63,025","75,837"
11/3/2020,"November 3, 2020, General Election",44,Santa Cruz,1.9E+11,Proposition 22,App-Based Drivers and Employee Benefits,"65,443","74,166"
11/3/2020,"November 3, 2020, General Election",44,Santa Cruz,1.9E+11,Proposition 23,State Requirements for Kidney Dialysis Clinics,"55,182","83,088"
11/3/2020,"November 3, 2020, General Election",44,Santa Cruz,1.9E+11,Proposition 24,Amends Consumer Privacy Laws,"76,952","60,935"
11/3/2020,"November 3, 2020, General Election",44,Santa Cruz,1.9E+11,Proposition 25,Eliminates Money Bail System,"75,899","61,007"
11/3/2020,"November 3, 2020, General Election",45,Shasta,1.9E+11,Proposition 14,Bonds to Continue Stem Cell Research,"27,612","62,520"
11/3/2020,"November 3, 2020, General Election",45,Shasta,1.9E+11,Proposition 15,"Property Tax to Fund Schools, Government Services","24,240","66,779"
11/3/2020,"November 3, 2020, General Election",45,Shasta,1.9E+11,Proposition 16,Affirmative Action in Government Decisions,"15,471","74,162"
11/3/2020,"November 3, 2020, General Election",45,Shasta,1.9E+11,Proposition 17,Restores Right to Vote After Prison Term,"30,938","59,971"
11/3/2020,"November 3, 2020, General Election",45,Shasta,1.9E+11,Proposition 18,17-year-old Primary Voting Rights,"18,174","73,042"
11/3/2020,"November 3, 2020, General Election",45,Shasta,1.9E+11,Proposition 19,Changes Certain Property Tax Rules,"34,711","54,091"
11/3/2020,"November 3, 2020, General Election",45,Shasta,1.9E+11,Proposition 20,Parole Restrictions for Certain Offenses,"47,123","41,957"
11/3/2020,"November 3, 2020, General Election",45,Shasta,1.9E+11,Proposition 21,Expands Governmentsâ€™ Authority to Rent Control,"17,917","72,184"
11/3/2020,"November 3, 2020, General Election",45,Shasta,1.9E+11,Proposition 22,App-Based Drivers and Employee Benefits,"63,392","27,067"
11/3/2020,"November 3, 2020, General Election",45,Shasta,1.9E+11,Proposition 23,State Requirements for Kidney Dialysis Clinics,"18,609","71,697"
11/3/2020,"November 3, 2020, General Election",45,Shasta,1.9E+11,Proposition 24,Amends Consumer Privacy Laws,"37,791","51,626"
11/3/2020,"November 3, 2020, General Election",45,Shasta,1.9E+11,Proposition 25,Eliminates Money Bail System,"22,462","66,982"
11/3/2020,"November 3, 2020, General Election",46,Sierra,1.9E+11,Proposition 14,Bonds to Continue Stem Cell Research,700,"1,176"
11/3/2020,"November 3, 2020, General Election",46,Sierra,1.9E+11,Proposition 15,"Property Tax to Fund Schools, Government Services",604,"1,305"
11/3/2020,"November 3, 2020, General Election",46,Sierra,1.9E+11,Proposition 16,Affirmative Action in Government Decisions,456,"1,430"
11/3/2020,"November 3, 2020, General Election",46,Sierra,1.9E+11,Proposition 17,Restores Right to Vote After Prison Term,785,"1,120"
11/3/2020,"November 3, 2020, General Election",46,Sierra,1.9E+11,Proposition 18,17-year-old Primary Voting Rights,516,"1,398"
11/3/2020,"November 3, 2020, General Election",46,Sierra,1.9E+11,Proposition 19,Changes Certain Property Tax Rules,844,"1,023"
11/3/2020,"November 3, 2020, General Election",46,Sierra,1.9E+11,Proposition 20,Parole Restrictions for Certain Offenses,780,"1,086"
11/3/2020,"November 3, 2020, General Election",46,Sierra,1.9E+11,Proposition 21,Expands Governmentsâ€™ Authority to Rent Control,461,"1,414"
11/3/2020,"November 3, 2020, General Election",46,Sierra,1.9E+11,Proposition 22,App-Based Drivers and Employee Benefits,"1,120",758
11/3/2020,"November 3, 2020, General Election",46,Sierra,1.9E+11,Proposition 23,State Requirements for Kidney Dialysis Clinics,546,"1,327"
11/3/2020,"November 3, 2020, General Election",46,Sierra,1.9E+11,Proposition 24,Amends Consumer Privacy Laws,812,"1,056"
11/3/2020,"November 3, 2020, General Election",46,Sierra,1.9E+11,Proposition 25,Eliminates Money Bail System,623,"1,246"
11/3/2020,"November 3, 2020, General Election",47,Siskiyou,1.9E+11,Proposition 14,Bonds to Continue Stem Cell Research,"8,054","14,650"
11/3/2020,"November 3, 2020, General Election",47,Siskiyou,1.9E+11,Proposition 15,"Property Tax to Fund Schools, Government Services","8,224","14,842"
11/3/2020,"November 3, 2020, General Election",47,Siskiyou,1.9E+11,Proposition 16,Affirmative Action in Government Decisions,"5,630","17,061"
11/3/2020,"November 3, 2020, General Election",47,Siskiyou,1.9E+11,Proposition 17,Restores Right to Vote After Prison Term,"9,976","13,029"
11/3/2020,"November 3, 2020, General Election",47,Siskiyou,1.9E+11,Proposition 18,17-year-old Primary Voting Rights,"6,306","16,772"
11/3/2020,"November 3, 2020, General Election",47,Siskiyou,1.9E+11,Proposition 19,Changes Certain Property Tax Rules,"9,683","12,727"
11/3/2020,"November 3, 2020, General Election",47,Siskiyou,1.9E+11,Proposition 20,Parole Restrictions for Certain Offenses,"9,782","12,528"
11/3/2020,"November 3, 2020, General Election",47,Siskiyou,1.9E+11,Proposition 21,Expands Governmentsâ€™ Authority to Rent Control,"6,188","16,310"
11/3/2020,"November 3, 2020, General Election",47,Siskiyou,1.9E+11,Proposition 22,App-Based Drivers and Employee Benefits,"13,196","9,263"
11/3/2020,"November 3, 2020, General Election",47,Siskiyou,1.9E+11,Proposition 23,State Requirements for Kidney Dialysis Clinics,"6,906","15,671"
11/3/2020,"November 3, 2020, General Election",47,Siskiyou,1.9E+11,Proposition 24,Amends Consumer Privacy Laws,"10,391","12,090"
11/3/2020,"November 3, 2020, General Election",47,Siskiyou,1.9E+11,Proposition 25,Eliminates Money Bail System,"7,297","15,108"
11/3/2020,"November 3, 2020, General Election",48,Solano,1.9E+11,Proposition 14,Bonds to Continue Stem Cell Research,"103,819","94,267"
11/3/2020,"November 3, 2020, General Election",48,Solano,1.9E+11,Proposition 15,"Property Tax to Fund Schools, Government Services","98,470","103,506"
11/3/2020,"November 3, 2020, General Election",48,Solano,1.9E+11,Proposition 16,Affirmative Action in Government Decisions,"85,310","114,632"
11/3/2020,"November 3, 2020, General Election",48,Solano,1.9E+11,Proposition 17,Restores Right to Vote After Prison Term,"120,501","82,408"
11/3/2020,"November 3, 2020, General Election",48,Solano,1.9E+11,Proposition 18,17-year-old Primary Voting Rights,"85,853","117,428"
11/3/2020,"November 3, 2020, General Election",48,Solano,1.9E+11,Proposition 19,Changes Certain Property Tax Rules,"114,313","84,900"
11/3/2020,"November 3, 2020, General Election",48,Solano,1.9E+11,Proposition 20,Parole Restrictions for Certain Offenses,"75,718","122,765"
11/3/2020,"November 3, 2020, General Election",48,Solano,1.9E+11,Proposition 21,Expands Governmentsâ€™ Authority to Rent Control,"79,061","121,275"
11/3/2020,"November 3, 2020, General Election",48,Solano,1.9E+11,Proposition 22,App-Based Drivers and Employee Benefits,"116,911","84,673"
11/3/2020,"November 3, 2020, General Election",48,Solano,1.9E+11,Proposition 23,State Requirements for Kidney Dialysis Clinics,"74,026","127,209"
11/3/2020,"November 3, 2020, General Election",48,Solano,1.9E+11,Proposition 24,Amends Consumer Privacy Laws,"123,803","75,272"
11/3/2020,"November 3, 2020, General Election",48,Solano,1.9E+11,Proposition 25,Eliminates Money Bail System,"90,282","108,051"
11/3/2020,"November 3, 2020, General Election",49,Sonoma,1.9E+11,Proposition 14,Bonds to Continue Stem Cell Research,"140,671","118,462"
11/3/2020,"November 3, 2020, General Election",49,Sonoma,1.9E+11,Proposition 15,"Property Tax to Fund Schools, Government Services","141,381","122,224"
11/3/2020,"November 3, 2020, General Election",49,Sonoma,1.9E+11,Proposition 16,Affirmative Action in Government Decisions,"123,008","135,210"
11/3/2020,"November 3, 2020, General Election",49,Sonoma,1.9E+11,Proposition 17,Restores Right to Vote After Prison Term,"175,523","87,184"
11/3/2020,"November 3, 2020, General Election",49,Sonoma,1.9E+11,Proposition 18,17-year-old Primary Voting Rights,"126,163","137,222"
11/3/2020,"November 3, 2020, General Election",49,Sonoma,1.9E+11,Proposition 19,Changes Certain Property Tax Rules,"144,541","113,250"
11/3/2020,"November 3, 2020, General Election",49,Sonoma,1.9E+11,Proposition 20,Parole Restrictions for Certain Offenses,"76,749","177,735"
11/3/2020,"November 3, 2020, General Election",49,Sonoma,1.9E+11,Proposition 21,Expands Governmentsâ€™ Authority to Rent Control,"110,602","147,058"
11/3/2020,"November 3, 2020, General Election",49,Sonoma,1.9E+11,Proposition 22,App-Based Drivers and Employee Benefits,"130,253","129,393"
11/3/2020,"November 3, 2020, General Election",49,Sonoma,1.9E+11,Proposition 23,State Requirements for Kidney Dialysis Clinics,"89,364","168,796"
11/3/2020,"November 3, 2020, General Election",49,Sonoma,1.9E+11,Proposition 24,Amends Consumer Privacy Laws,"142,295","113,502"
11/3/2020,"November 3, 2020, General Election",49,Sonoma,1.9E+11,Proposition 25,Eliminates Money Bail System,"139,180","116,601"
11/3/2020,"November 3, 2020, General Election",50,Stanislaus,1.9E+11,Proposition 14,Bonds to Continue Stem Cell Research,"97,507","111,486"
11/3/2020,"November 3, 2020, General Election",50,Stanislaus,1.9E+11,Proposition 15,"Property Tax to Fund Schools, Government Services","79,343","131,580"
11/3/2020,"November 3, 2020, General Election",50,Stanislaus,1.9E+11,Proposition 16,Affirmative Action in Government Decisions,"63,899","144,168"
11/3/2020,"November 3, 2020, General Election",50,Stanislaus,1.9E+11,Proposition 17,Restores Right to Vote After Prison Term,"97,470","111,944"
11/3/2020,"November 3, 2020, General Election",50,Stanislaus,1.9E+11,Proposition 18,17-year-old Primary Voting Rights,"67,901","142,483"
11/3/2020,"November 3, 2020, General Election",50,Stanislaus,1.9E+11,Proposition 19,Changes Certain Property Tax Rules,"102,927","105,200"
11/3/2020,"November 3, 2020, General Election",50,Stanislaus,1.9E+11,Proposition 20,Parole Restrictions for Certain Offenses,"91,095","117,405"
11/3/2020,"November 3, 2020, General Election",50,Stanislaus,1.9E+11,Proposition 21,Expands Governmentsâ€™ Authority to Rent Control,"66,998","142,455"
11/3/2020,"November 3, 2020, General Election",50,Stanislaus,1.9E+11,Proposition 22,App-Based Drivers and Employee Benefits,"133,904","75,316"
11/3/2020,"November 3, 2020, General Election",50,Stanislaus,1.9E+11,Proposition 23,State Requirements for Kidney Dialysis Clinics,"65,067","143,802"
11/3/2020,"November 3, 2020, General Election",50,Stanislaus,1.9E+11,Proposition 24,Amends Consumer Privacy Laws,"111,225","96,271"
11/3/2020,"November 3, 2020, General Election",50,Stanislaus,1.9E+11,Proposition 25,Eliminates Money Bail System,"72,626","135,284"
11/3/2020,"November 3, 2020, General Election",51,Sutter,1.9E+11,Proposition 14,Bonds to Continue Stem Cell Research,"15,386","25,296"
11/3/2020,"November 3, 2020, General Election",51,Sutter,1.9E+11,Proposition 15,"Property Tax to Fund Schools, Government Services","12,439","28,899"
11/3/2020,"November 3, 2020, General Election",51,Sutter,1.9E+11,Proposition 16,Affirmative Action in Government Decisions,"9,853","30,862"
11/3/2020,"November 3, 2020, General Election",51,Sutter,1.9E+11,Proposition 17,Restores Right to Vote After Prison Term,"15,762","25,303"
11/3/2020,"November 3, 2020, General Election",51,Sutter,1.9E+11,Proposition 18,17-year-old Primary Voting Rights,"10,398","30,827"
11/3/2020,"November 3, 2020, General Election",51,Sutter,1.9E+11,Proposition 19,Changes Certain Property Tax Rules,"18,042","22,387"
11/3/2020,"November 3, 2020, General Election",51,Sutter,1.9E+11,Proposition 20,Parole Restrictions for Certain Offenses,"19,422","20,922"
11/3/2020,"November 3, 2020, General Election",51,Sutter,1.9E+11,Proposition 21,Expands Governmentsâ€™ Authority to Rent Control,"9,557","31,164"
11/3/2020,"November 3, 2020, General Election",51,Sutter,1.9E+11,Proposition 22,App-Based Drivers and Employee Benefits,"28,992","12,227"
11/3/2020,"November 3, 2020, General Election",51,Sutter,1.9E+11,Proposition 23,State Requirements for Kidney Dialysis Clinics,"10,459","30,549"
11/3/2020,"November 3, 2020, General Election",51,Sutter,1.9E+11,Proposition 24,Amends Consumer Privacy Laws,"18,442","21,998"
11/3/2020,"November 3, 2020, General Election",51,Sutter,1.9E+11,Proposition 25,Eliminates Money Bail System,"11,596","28,889"
11/3/2020,"November 3, 2020, General Election",52,Tehama,1.9E+11,Proposition 14,Bonds to Continue Stem Cell Research,"8,509","19,512"
11/3/2020,"November 3, 2020, General Election",52,Tehama,1.9E+11,Proposition 15,"Property Tax to Fund Schools, Government Services","6,864","21,575"
11/3/2020,"November 3, 2020, General Election",52,Tehama,1.9E+11,Proposition 16,Affirmative Action in Government Decisions,"4,544","23,530"
11/3/2020,"November 3, 2020, General Election",52,Tehama,1.9E+11,Proposition 17,Restores Right to Vote After Prison Term,"9,151","19,178"
11/3/2020,"November 3, 2020, General Election",52,Tehama,1.9E+11,Proposition 18,17-year-old Primary Voting Rights,"5,411","22,972"
11/3/2020,"November 3, 2020, General Election",52,Tehama,1.9E+11,Proposition 19,Changes Certain Property Tax Rules,"10,071","17,760"
11/3/2020,"November 3, 2020, General Election",52,Tehama,1.9E+11,Proposition 20,Parole Restrictions for Certain Offenses,"13,998","13,795"
11/3/2020,"November 3, 2020, General Election",52,Tehama,1.9E+11,Proposition 21,Expands Governmentsâ€™ Authority to Rent Control,"5,139","22,917"
11/3/2020,"November 3, 2020, General Election",52,Tehama,1.9E+11,Proposition 22,App-Based Drivers and Employee Benefits,"19,365","8,761"
11/3/2020,"November 3, 2020, General Election",52,Tehama,1.9E+11,Proposition 23,State Requirements for Kidney Dialysis Clinics,"6,008","22,177"
11/3/2020,"November 3, 2020, General Election",52,Tehama,1.9E+11,Proposition 24,Amends Consumer Privacy Laws,"11,632","16,234"
11/3/2020,"November 3, 2020, General Election",52,Tehama,1.9E+11,Proposition 25,Eliminates Money Bail System,"6,478","21,380"
11/3/2020,"November 3, 2020, General Election",53,Trinity,1.9E+11,Proposition 14,Bonds to Continue Stem Cell Research,"2,269","3,735"
11/3/2020,"November 3, 2020, General Election",53,Trinity,1.9E+11,Proposition 15,"Property Tax to Fund Schools, Government Services","2,162","3,981"
11/3/2020,"November 3, 2020, General Election",53,Trinity,1.9E+11,Proposition 16,Affirmative Action in Government Decisions,"1,473","4,581"
11/3/2020,"November 3, 2020, General Election",53,Trinity,1.9E+11,Proposition 17,Restores Right to Vote After Prison Term,"2,972","3,204"
11/3/2020,"November 3, 2020, General Election",53,Trinity,1.9E+11,Proposition 18,17-year-old Primary Voting Rights,"1,871","4,306"
11/3/2020,"November 3, 2020, General Election",53,Trinity,1.9E+11,Proposition 19,Changes Certain Property Tax Rules,"2,616","3,405"
11/3/2020,"November 3, 2020, General Election",53,Trinity,1.9E+11,Proposition 20,Parole Restrictions for Certain Offenses,"2,545","3,444"
11/3/2020,"November 3, 2020, General Election",53,Trinity,1.9E+11,Proposition 21,Expands Governmentsâ€™ Authority to Rent Control,"1,501","4,518"
11/3/2020,"November 3, 2020, General Election",53,Trinity,1.9E+11,Proposition 22,App-Based Drivers and Employee Benefits,"3,681","2,340"
11/3/2020,"November 3, 2020, General Election",53,Trinity,1.9E+11,Proposition 23,State Requirements for Kidney Dialysis Clinics,"1,532","4,509"
11/3/2020,"November 3, 2020, General Election",53,Trinity,1.9E+11,Proposition 24,Amends Consumer Privacy Laws,"2,876","3,158"
11/3/2020,"November 3, 2020, General Election",53,Trinity,1.9E+11,Proposition 25,Eliminates Money Bail System,"2,010","3,964"
11/3/2020,"November 3, 2020, General Election",54,Tulare,1.9E+11,Proposition 14,Bonds to Continue Stem Cell Research,"60,160","84,218"
11/3/2020,"November 3, 2020, General Election",54,Tulare,1.9E+11,Proposition 15,"Property Tax to Fund Schools, Government Services","53,438","92,020"
11/3/2020,"November 3, 2020, General Election",54,Tulare,1.9E+11,Proposition 16,Affirmative Action in Government Decisions,"40,518","103,873"
11/3/2020,"November 3, 2020, General Election",54,Tulare,1.9E+11,Proposition 17,Restores Right to Vote After Prison Term,"59,825","85,611"
11/3/2020,"November 3, 2020, General Election",54,Tulare,1.9E+11,Proposition 18,17-year-old Primary Voting Rights,"41,525","103,973"
11/3/2020,"November 3, 2020, General Election",54,Tulare,1.9E+11,Proposition 19,Changes Certain Property Tax Rules,"63,795","79,001"
11/3/2020,"November 3, 2020, General Election",54,Tulare,1.9E+11,Proposition 20,Parole Restrictions for Certain Offenses,"76,886","66,988"
11/3/2020,"November 3, 2020, General Election",54,Tulare,1.9E+11,Proposition 21,Expands Governmentsâ€™ Authority to Rent Control,"37,932","106,384"
11/3/2020,"November 3, 2020, General Election",54,Tulare,1.9E+11,Proposition 22,App-Based Drivers and Employee Benefits,"97,155","46,860"
11/3/2020,"November 3, 2020, General Election",54,Tulare,1.9E+11,Proposition 23,State Requirements for Kidney Dialysis Clinics,"44,506","99,331"
11/3/2020,"November 3, 2020, General Election",54,Tulare,1.9E+11,Proposition 24,Amends Consumer Privacy Laws,"68,376","74,688"
11/3/2020,"November 3, 2020, General Election",54,Tulare,1.9E+11,Proposition 25,Eliminates Money Bail System,"41,450","101,232"
11/3/2020,"November 3, 2020, General Election",55,Tuolumne,1.9E+11,Proposition 14,Bonds to Continue Stem Cell Research,"10,777","18,919"
11/3/2020,"November 3, 2020, General Election",55,Tuolumne,1.9E+11,Proposition 15,"Property Tax to Fund Schools, Government Services","8,983","21,075"
11/3/2020,"November 3, 2020, General Election",55,Tuolumne,1.9E+11,Proposition 16,Affirmative Action in Government Decisions,"6,246","23,364"
11/3/2020,"November 3, 2020, General Election",55,Tuolumne,1.9E+11,Proposition 17,Restores Right to Vote After Prison Term,"11,544","18,432"
11/3/2020,"November 3, 2020, General Election",55,Tuolumne,1.9E+11,Proposition 18,17-year-old Primary Voting Rights,"7,132","22,927"
11/3/2020,"November 3, 2020, General Election",55,Tuolumne,1.9E+11,Proposition 19,Changes Certain Property Tax Rules,"12,088","17,269"
11/3/2020,"November 3, 2020, General Election",55,Tuolumne,1.9E+11,Proposition 20,Parole Restrictions for Certain Offenses,"13,553","15,707"
11/3/2020,"November 3, 2020, General Election",55,Tuolumne,1.9E+11,Proposition 21,Expands Governmentsâ€™ Authority to Rent Control,"6,771","22,745"
11/3/2020,"November 3, 2020, General Election",55,Tuolumne,1.9E+11,Proposition 22,App-Based Drivers and Employee Benefits,"19,541","10,055"
11/3/2020,"November 3, 2020, General Election",55,Tuolumne,1.9E+11,Proposition 23,State Requirements for Kidney Dialysis Clinics,"6,541","23,103"
11/3/2020,"November 3, 2020, General Election",55,Tuolumne,1.9E+11,Proposition 24,Amends Consumer Privacy Laws,"11,944","17,391"
11/3/2020,"November 3, 2020, General Election",55,Tuolumne,1.9E+11,Proposition 25,Eliminates Money Bail System,"8,673","20,688"
11/3/2020,"November 3, 2020, General Election",56,Ventura,1.9E+11,Proposition 14,Bonds to Continue Stem Cell Research,"206,686","203,751"
11/3/2020,"November 3, 2020, General Election",56,Ventura,1.9E+11,Proposition 15,"Property Tax to Fund Schools, Government Services","177,491","239,293"
11/3/2020,"November 3, 2020, General Election",56,Ventura,1.9E+11,Proposition 16,Affirmative Action in Government Decisions,"156,839","255,527"
11/3/2020,"November 3, 2020, General Election",56,Ventura,1.9E+11,Proposition 17,Restores Right to Vote After Prison Term,"223,156","192,541"
11/3/2020,"November 3, 2020, General Election",56,Ventura,1.9E+11,Proposition 18,17-year-old Primary Voting Rights,"170,142","246,270"
11/3/2020,"November 3, 2020, General Election",56,Ventura,1.9E+11,Proposition 19,Changes Certain Property Tax Rules,"205,630","203,320"
11/3/2020,"November 3, 2020, General Election",56,Ventura,1.9E+11,Proposition 20,Parole Restrictions for Certain Offenses,"162,659","243,597"
11/3/2020,"November 3, 2020, General Election",56,Ventura,1.9E+11,Proposition 21,Expands Governmentsâ€™ Authority to Rent Control,"152,074","257,866"
11/3/2020,"November 3, 2020, General Election",56,Ventura,1.9E+11,Proposition 22,App-Based Drivers and Employee Benefits,"246,905","165,792"
11/3/2020,"November 3, 2020, General Election",56,Ventura,1.9E+11,Proposition 23,State Requirements for Kidney Dialysis Clinics,"140,977","270,965"
11/3/2020,"November 3, 2020, General Election",56,Ventura,1.9E+11,Proposition 24,Amends Consumer Privacy Laws,"225,508","182,082"
11/3/2020,"November 3, 2020, General Election",56,Ventura,1.9E+11,Proposition 25,Eliminates Money Bail System,"168,800","237,386"
11/3/2020,"November 3, 2020, General Election",57,Yolo,1.9E+11,Proposition 14,Bonds to Continue Stem Cell Research,"51,801","42,683"
11/3/2020,"November 3, 2020, General Election",57,Yolo,1.9E+11,Proposition 15,"Property Tax to Fund Schools, Government Services","52,304","43,669"
11/3/2020,"November 3, 2020, General Election",57,Yolo,1.9E+11,Proposition 16,Affirmative Action in Government Decisions,"42,820","51,970"
11/3/2020,"November 3, 2020, General Election",57,Yolo,1.9E+11,Proposition 17,Restores Right to Vote After Prison Term,"59,729","36,247"
11/3/2020,"November 3, 2020, General Election",57,Yolo,1.9E+11,Proposition 18,17-year-old Primary Voting Rights,"45,087","51,076"
11/3/2020,"November 3, 2020, General Election",57,Yolo,1.9E+11,Proposition 19,Changes Certain Property Tax Rules,"51,426","42,399"
11/3/2020,"November 3, 2020, General Election",57,Yolo,1.9E+11,Proposition 20,Parole Restrictions for Certain Offenses,"31,900","61,766"
11/3/2020,"November 3, 2020, General Election",57,Yolo,1.9E+11,Proposition 21,Expands Governmentsâ€™ Authority to Rent Control,"39,576","54,686"
11/3/2020,"November 3, 2020, General Election",57,Yolo,1.9E+11,Proposition 22,App-Based Drivers and Employee Benefits,"49,949","45,020"
11/3/2020,"November 3, 2020, General Election",57,Yolo,1.9E+11,Proposition 23,State Requirements for Kidney Dialysis Clinics,"33,531","60,559"
11/3/2020,"November 3, 2020, General Election",57,Yolo,1.9E+11,Proposition 24,Amends Consumer Privacy Laws,"50,253","43,399"
11/3/2020,"November 3, 2020, General Election",57,Yolo,1.9E+11,Proposition 25,Eliminates Money Bail System,"46,587","46,698"
11/3/2020,"November 3, 2020, General Election",58,Yuba,1.9E+11,Proposition 14,Bonds to Continue Stem Cell Research,"11,050","17,919"
11/3/2020,"November 3, 2020, General Election",58,Yuba,1.9E+11,Proposition 15,"Property Tax to Fund Schools, Government Services","9,015","20,224"
11/3/2020,"November 3, 2020, General Election",58,Yuba,1.9E+11,Proposition 16,Affirmative Action in Government Decisions,"6,616","22,311"
11/3/2020,"November 3, 2020, General Election",58,Yuba,1.9E+11,Proposition 17,Restores Right to Vote After Prison Term,"11,698","17,477"
11/3/2020,"November 3, 2020, General Election",58,Yuba,1.9E+11,Proposition 18,17-year-old Primary Voting Rights,"7,441","21,798"
11/3/2020,"November 3, 2020, General Election",58,Yuba,1.9E+11,Proposition 19,Changes Certain Property Tax Rules,"12,618","16,199"
11/3/2020,"November 3, 2020, General Election",58,Yuba,1.9E+11,Proposition 20,Parole Restrictions for Certain Offenses,"13,800","14,606"
11/3/2020,"November 3, 2020, General Election",58,Yuba,1.9E+11,Proposition 21,Expands Governmentsâ€™ Authority to Rent Control,"7,306","21,256"
11/3/2020,"November 3, 2020, General Election",58,Yuba,1.9E+11,Proposition 22,App-Based Drivers and Employee Benefits,"19,540","9,158"
11/3/2020,"November 3, 2020, General Election",58,Yuba,1.9E+11,Proposition 23,State Requirements for Kidney Dialysis Clinics,"7,688","20,846"
11/3/2020,"November 3, 2020, General Election",58,Yuba,1.9E+11,Proposition 24,Amends Consumer Privacy Laws,"13,560","14,868"
11/3/2020,"November 3, 2020, General Election",58,Yuba,1.9E+11,Proposition 25,Eliminates Money Bail System,"8,315","19,824"
